company_id,company_name,logo_path,origin_country
7029,micro_scope,/i49Jb3md21vxSOY3bBXRvCRXYKX.png,CA
76,Zentropa Entertainments,/nebkQYtQKhZyHJfh5v0oGpNbPzu.png,DK
16430,Kavithalayaa Productions,,IN
82946,John Farrow Productions,,
6,RKO Radio Pictures,/n53F7K9scQWFXYbrCablqLKqJdp.png,US
3166,Walt Disney Productions,/jmPS1qPfKnISciDF7RnUbh48jvK.png,US
10210,Morgan Creek Entertainment,/fmFmUxBijh8764GNSSIiwXYD83K.png,US
2612,Les Productions du Trésor,/3ulBLchjjnjVmvyLQSwO62MDKLE.png,FR
1115,M6 Films,/ntH7T5gsN6wtyrfHGHJDTuneQ7o.png,FR
6896,EuropaCorp,/2Q89KvzxTKB5BAv9RqFIPI1qb7E.png,FR
21,Metro-Goldwyn-Mayer,/usUnaYV6hQnlVAXP6r4HwrlLFPG.png,US
18970,Avalon Productions,,
46111,IBC MOvie,/lct7ThhbE6xBqiTpP4ZSX58D7NM.png,IT
155990,RAI Cinema,/py9VaywwK6KVi94YwrxSKVg1gkh.png,IT
47024,Telecom Italia Media,,
128664,Columbia Pictures Corporation,,GB
4986,Intercapital,,IT
2999,SVT,/zGSqFee9aDgDuLD6vcs2mcJUem4.png,SE
5,Columbia Pictures,/71BqEFAF4V3qjjMPCpLuyJFB9A.png,US
1606,Brillstein-Grey Entertainment,,
659,London Films Productions,,GB
3268,HBO,/tuomPhY2UtuPTqqFnKMVHvSb724.png,US
7305,GNK Productions,,
7306,The Match Factory,/iqCkzLmACmrws2tHO2USRLkJqXY.png,DE
6705,Film4 Productions,/iNB1FCwT4XjO6wkN3PnpPnwr9GX.png,GB
726,Haut et Court,/hHaQQgxqg2NohqZSxbMTB9E483m.png,FR
703,Razor Film Produktion,/lMV4teVPQWJxIaiDsAsU7Vdh1iC.png,DE
344,Mosfilm,/xenuUvcunUNpbaDOYGhWZERaym7.png,SU
82030,Boettcher/Trinklein Productions,,
111000,Vision Video Gateway Films,,
7850,Sciapode,,FR
6003,Box Productions,/mEswQx1seYJjA2knd0lrdDGvxvu.png,CH
11687,Le Fresnoy,/gW6YiDdhkySff27C0m4JXu30879.png,FR
1245,TSR,/suKdkPTtHn0DzGYmrXCA506dJON.png,CH
18440,Made In Film-Land,,
8924,Rabbit Bandini Productions,/5NTQun1m6FVJVOVHOubJ5SqyMvi.png,US
10146,Focus Features,/xnFIOeq5cKw09kCWqV7foWDe4AA.png,US
55973,Krátký film Praha – Studio kresleného a loutkového filmu Praha,,XC
97441,Paka Hill Film Production Co.,,
12669,China Entertainment Films Production,,
2215,Cinevent,,
2216,Helkon Media,,DE
516,Seven Arts Productions,/ibZFDcpmcpY0emmO8mo1HCenlGk.png,US
3958,Front Street Pictures,/xkdYNmOW6e4gjgp4NSLRt0W5UIj.png,CA
3431,Lifetime,/6LVLYfZAEQfhJey0MGvhFXdDEK1.png,US
9195,Touchstone Pictures,/geK5QOBsXIPGHutKwXtYjMUyYSG.png,US
130,Jerry Bruckheimer Films,/c9dVHPOL3cqCr2593Ahk0nEKTEM.png,US
1645,Scott Free Productions,/6Ry6uNBaa0IbbSs1XYIgX5DkA9r.png,GB
20521,Neue Deutsche Filmgesellschaft,/umPV6gEtvSiqGuNyXAuuXdGZRYe.png,DE
27959,Big Brother Productions,,
77535,Cult Productions,,
77536,DPI,,
8210,M6 Métropole Télévision,/kmYqp22cJDFiDP9iRI5s8k8Mc7R.png,FR
4,Paramount Pictures,/jay6WcMgagAklUt7i9Euwj1pzTF.png,US
12245,Robert Lawrence Productions,,US
258,Scott Rudin Productions,/tMI4xPwgxfNaNId3h9dOcHGU1NI.png,US
2103,AIM Group,,FR
284069,Shetler-Le Mos Productions,,US
35877,Karen Mack Productions,,
1472,Delux Productions,,LU
9027,Hallmark Hall of Fame Productions,/eGT7RxXHIyhByHpZmv4WxBwoWAl.png,US
4898,CBS,/nm8d7P7MJNiBLdgIzUK0gkuEA4r.png,US
3749,Vishesh Films,/vSqS9ovkpql7VN1HwTYwR5KexrB.png,IN
5822,Toei Company,/qyTbRgCyU9NLKvKaiQVbadtr7RY.png,JP
2788,Avex Entertainment,/16p9VkS5ddLMqb4JNMJ4f9omTKx.png,JP
189817,Earth Star Entertainment,/6tWMDo6hsbmvO5sorsXRw0qQQRO.png,JP
6953,IMJ Entertainment,,JP
10765,Studio Swan,,JP
12540,Memory-Tech,,JP
22715,Quaras,/c4d6GLfUXbp44dbWWJqWCh7YrnO.png,JP
1659,Unión Industrial Cinematográfica,,
37802,Films 59,/qcYcBGZFIzRR3rvXkYSU4xDlftZ.png,ES
44698,Producciones Gustavo Alatriste,,
9961,Mundo Ficción,,
73974,Mai Juin Productions,,FR
71497,DRAX audio,,
866,Pathé Renn Productions,/dEPHAPpbcgbOnBcJfqeCYVRUYF9.png,FR
42648,Rosebud Films,,US
5583,Mungo Productions,,
7584,Screen Australia,/eGkfvvyf4fJTvBUR1xt1669IPA3.png,AU
2818,SBS Independent,,AU
5612,Brooksfilms,,US
15526,MGM-Pathé Communications,,US
33,Universal Pictures,/8lvHyhjr8oUKOOy2dKXoALWKdp0.png,US
3,Pixar,/1TjvGVDMYsj6JBxOAkUHpPEwLf7.png,US
25,20th Century Fox,/qZCc1lty5FzX30aOCVRBLzaVmcp.png,US
11275,Cinerama Productions,,US
1704,Bavaria Film,/sb3PuMTgJgpPUY7x634etBAhodu.png,DE
60,United Artists,/4YldLvCWQL9VIAHQ2Fu3Ffkh9Si.png,US
5538,Sandy Howard Productions,,
823,Telepool,/275O5OoKjulWtY1uRHRXaYsrt9I.png,DE
859,Saga Film,/wK6ssskf1QaGp057lSYb6fa3Nwc.png,BE
1758,Tatfilm Produktionsges. mbH,,
1991,Motion Investment Group,,BE
1251,ARD,/fc0O0mvjl8PbHgZXXY2VgPYos1Z.png,DE
10163,Working Title Films,/16KWBMmfPX0aJzDExDrPxSLj0Pg.png,GB
283,Notting Hill Pictures,,GB
232374,Duncan Kenworthy Productions,,GB
1382,PolyGram Filmed Entertainment,/8b5XGJ8YhZoEo9LgFP8KRQWHjYL.png,US
15676,Gold Star Films Ltd.,,
4051,Warner Bros.-Seven Arts,/cr7fvW3IZ1xQmlHTk0CHqoa038b.png,US
6973,Les Armateurs,/6lqJgLZuP3M6kxFJ6RU2HLBbB7L.png,FR
8175,Monipoly Productions,,LU
591,France 3 Cinéma,/q5I5RDwMEiqoNmfaJgd2LraEOJY.png,FR
792,RTBF,/cRhBQP1FFNugNxKkO1pUgeD2Rkr.png,BE
19529,Redemption Productions,,
11661,Rysher Entertainment,/xMrUWnDUgL1CZGousc4iyR7utbR.png,US
1728,Sandrews,/sujSPQqxYIoKfjAyS8OaJ6hLNed.png,SE
3899,Nordisk Tonefilm,,SE
33470,Heidelberg Films,,
3866,iDream Productions,,IN
5397,Group TAC,/ufEcABqc3fK5ehfwueZ684svd4N.png,JP
7220,Capcom,/dD0x5awPmtx4sAr2pNvkmxkCODh.png,JP
4649,Sedic,,JP
22217,Wiseacre Films,,
12182,Rebel Film BV,,NL
8083,Film Rites,,US
23,Imagine Entertainment,/bJOFo2ufq7iFC1F4qZm8aLxF5aS.png,US
7295,Relativity Media,/5MYE96QiE5a5oFhXxFb4y8ILSpw.png,US
221347,Scott Free Productions,/6Ry6uNBaa0IbbSs1XYIgX5DkA9r.png,US
24247,Drexel Box Productions,,
160725,Cape Town Films,,US
1780,TFC,/4Qzhr7FxVtaMwmsh7118G3yvOhO.png,JP
31218,Marshbrook Limited,,
31217,Hellhound Productions,,
79,Village Roadshow Pictures,/at4uYdwAAgNRKhZuuFX8ShKSybw.png,US
172,NPV Entertainment,,US
174,Warner Bros. Pictures,/zhD3hhtKB5qyv7ZeL4uLpNxgMVU.png,US
1885,Silver Pictures,/xlvoOZr4s1PygosrwZyolIFe5xs.png,US
168,Jadran Film,/AmNSNdDaByDpc0bzekWFeYRXDW2.png,HR
6184,Tribune Entertainment,/2G1aNjCEPKAniOGdTvWv4QEmTa2.png,US
42724,Dave Bell Prductions,,US
8956,New Age Pictures,,US
41,Orion Pictures,/em0rOXVRu3qprWZCx58uDDV2fze.png,US
11446,Lereby Produções,,BR
13969,Globo Filmes,/bEpiJ2zXGIH70JT16asjWNFtOEv.png,BR
46430,Estúdios Globo,/tQZIt59BLw3b0b6rHJRqv4Dvrpd.png,BR
955,Nikkatsu Corporation,/5xnXD3PJI1HqOJceSAKZ3fDqO1V.png,JP
2877,Living Films,/a1pn9aou2NsfB7QJVNAUOsE8LqR.png,TH
51303,Quinte Film GmbH,,DE
37058,Lotus-Film,/pWUIywEOdy0650kBbuRw5aI90zA.png,AT
16427,Super Good Films,,IN
4691,FortuneTeller Films,,
21147,Ovídeo TV S.A.,,ES
25075,Opal Filmproduktion,,DE
1833,Epo-Film,/6Ot5X5xRv0PvZ9cUUD5ZymSruLi.png,AT
50983,KillerWolf Films,,
4708,Brain Damage Films,/k1zjOZ0GIZ1dxGerINlXC3lGAqh.png,US
25894,Studio 100,/eWzrltIBLOlLxc5FVKUcAcas3UM.png,BE
47986,Technicolor Motion Picture Corporation,,
16101,Metro Pictures Corporation,/2yI4rjPZ1I7TLZ2UWvTtXifYEnw.png,US
201,ARTE,/6UIpEURdjnmcJPwgTDRzVRuwADr.png,FR
12914,Nomad Films,,
12915,Omega Film GmbH,,
12916,Without Walls,,
4606,ZDF,/otZHbf1HmzLRQsZFSqJXkf8EHz7.png,DE
5778,Channel 4 Television,/2loyoQweDxvotH3AknfL2zhsthg.png,GB
5051,Faso Film,,IT
1819,Cinema 77,,US
9266,American International Pictures,/lRinQ7scVye5N8qkUIoCB4QXbRh.png,US
43274,Hurricane Films,,GB
23012,Northwest Vision and Media,,GB
23013,Digital Departures,,
2016,Interlight,,
114591,Camouflage Productions Inc.,,
5779,Comptoir Français du Film Production,/tGITNHYaqbnnqM8u5QK6Aw9lnWg.png,FR
8946,Achille Piazzi Produzioni Cinematografica,,IT
8947,Produzione Gianni Fuchs,,
8496,Companhia Cinematográfica Serrador,,BR
8497,Coline,,
8498,Carnaval Unifilm,,
12,New Line Cinema,/2ycs64eqV5rqKYHyQK0GVoKGvfX.png,US
21154,Jacaranda Films,,
21155,Investec Merchant Bank,,
269879,Curtis Enterprises,,US
14538,Mulberry Square Productions,,
102241,Benji Returns,,
1138,Filmways Pictures,/nFDryQEdl7eVjJuXoaT4Vw88xgz.png,US
17383,Monica Beach Media,,
750,Ellepi Films,,IT
22533,Iberoamericana Films Internacional,,
6612,Daring! Media Group,/iju3nUGjIoBu9iBfaMFPKkvy0EK.png,
260325,Film company «Studio IV»,,RU
1538,Comedy Central,/1y7qNFwczl2zZS62Hrlw6dsAwgR.png,US
8962,Eyeworks Film & TV Drama,/dNe4iMWCGaQRA6RTIYzUfqMigYh.png,NL
6462,100% Halal,,
217296,Dutch Media Pictures,,
237679,100% Film & Photography,/e4grtrOY2NpxGyCAZOfKhKaXzmp.png,NL
10513,Lobell/Bergman Productions,,US
16192,Hera Productions,,US
816,FilmEngine,/clHWF65sRcLnCTCN3ie2ScLD3qM.png,
6363,BenderSpink,,US
181840,长春电影制片厂,/yF76RLTDFnM0GBEjpqrvYtCdoyG.png,CN
23372,Fernsehen der DDR,/ss43VEAmc5sT5Vixax9szokmn3w.png,XG
602,DEFA-Studio für Spielfilme,/pVsXRFbYVDe5BhsATCAh1rt5F0k.png,XG
1534,Albachiara,,
20679,DeA Planeta,,
70436,Cecchi Gori Group Fin.Ma.Vi,,IT
102817,Cine21,,
7819,Lotte Entertainment,/ghFZAt4edln0M7BzDExyYMzUGX1.png,KR
7036,CJ Entertainment,/javbyY0ZCvlFJtly3tpZqf2NwLX.png,KR
129505,M-Venture Investment,,
157,SVT Drama,/s537keIoi6wUOU8E9ztWaV2DY1H.png,SE
4849,Consul International Films,,
4850,Les Films JMP,,FR
2983,The Mayhem Project,,
3755,Matchstick Productions,/krZgEDPup3ejRjIpGBtmK49jzSc.png,US
1398,Les Films Corona,,FR
22358,Les Films Gibé,,FR
1822,Parva Cinematografica,,IT
30277,Janus Filmproduktion GmbH,,
13735,Quadrant Films,,CA
4952,Canadian Film Development Corporation,,CA
36554,DAL Arts,,
36555,Famous Players,/7C4sqyMTaqRH8sTlboAhFYbJK2k.png,CA
68883,al-Nasr - Oscar - al-Masah,,
21978,Gorky Film Studios,/3EP1gJYMGlEt7j17naPMg5e2LH2.png,SU
7840,Wicked,/lapCUo8VFaazEMzQkutsLOOYlPs.png,US
33537,Cal Vista Pictures,,
4988,Frank Yablans Presentations,,US
10568,Pennebaker Productions,,US
5010,Ben Stoloff Productions,,
4927,Eagle-Lion Films,,GB
47,Constantin Film,/i7Z9ot2o3N5Sa3HrF09kniFs2y8.png,DE
2898,Colt Studio Group,/orkI49BKW9W1HzgtayAQkOg3r4P.png,US
3914,The Ultimate Gift LLC,,
3915,Dean River Productions,,
11145,LIFE(n),,
139792,Stanford Financial Group,,
3245,First National Pictures,/9dBTQp9XitrHkx20i1r9HhZ3Q6B.png,US
927,Palace Pictures,,GB
1860,Eniloc Films,/350rWEVVDfZpy7s1KWDo6nA27Jf.png,FR
63893,Téléma,,
83,France 2 Cinéma,/9OQ0rm55xtlgX7KcAKMUePJSrQc.png,FR
6586,TPS Star,,FR
3034,TV Tokyo,/jnuO8pZNEBLEq5YaOP1f5OkmG91.png,JP
528,Bandai Visual,/fO3Aof3lXQclYpBByYC8aneTXwA.png,JP
567,Office Kitano,/6Vfm1fYBTeHNxPvgDZsxTv9BcXu.png,JP
569,Tokyo FM,/hOurQBeeFI4OTTdAEtvGflbJgXU.png,JP
86531,Two Left Shoes Films,,
201944,Matador Entertainment,,
201945,Old Joe’s,,
79233,Pennebaker Associates Inc.,,
165394,The Douglas Corporation,,
4746,DACFILM Rome,,IT
550,Little Bird,,IE
8811,The Cat in the Hat Productions,,US
2230,MGM Television,/igOjospzsKQIbpuFCGhoN5F9icS.png,US
54210,MGM Animation/Visual Arts,,US
878,Happy Madison Productions,/s5j0xnTXvglZoz49CUaQclVv3s9.png,US
4928,Allied Artists Pictures,,US
10399,CineTel Films,,US
880,Daiei Film,/vwhPRAZ4lhUtSuaifk4Au2MIm92.png,JP
25060,Filmena,,IT
220680,N.I.K. studio,,
3653,Eros International,/dEpilNgoW7tElN3xacXckHxGXbo.png,IN
3930,Illuminati Films Pvt Ltd,,IN
17820,Mega-Vision Pictures (MVP),,HK
10265,Peter Rogers Productions,,
4148,Keystone Film Company,,US
66141,Chaudhry Enterprises,,
64402,Prakash Mehra Productions,,
1020,Millennium Media,/kuUIHNwMec4dwOLghDhhZJzHZTd.png,US
925,Nu Image,/dIb9hjXNOkgxu4kBWdIdK8nM4w.png,US
10970,BlueEyes Productions,,IS
152078,Rotterdam Films,/qffwjrwRZxiGUbhZPMyPXjaCOlU.png,NL
16937,Bavaria Pictures,/8AFNIZ179EwZiCrY3JldjQg891y.png,DE
143164,Nordisk Film,/gUHRNTkRHBzHkS15Dx5KfZhbPbT.png,DK
986,ARD Degeto,/qDV8nLH9pjElZSnPmg29mzzNlTo.png,DE
14914,HBO Documentary Films,/1RZBWz53SpHUTLpRcM8BGv2plIP.png,US
4227,Bulbul Films,,NO
2407,Kick Film Produktion,,
40413,World Entertainment,,
52537,Athena Cinematografica,,IT
12663,ENIC,,IT
87313,Salamandra Producciones,,MX
292132,Giroloco,,GB
147039,Morena Filmes,/gwESmudMAnDiyxYcGEsXdgJ8oK7.png,BR
11628,Tequila Gang,,MX
49,El Deseo,/tlzPjqJjba2WjBaNGN1SZuJmbYj.png,ES
292133,Arca Difusion,,AR
5096,Buena Onda,,GB
11,WingNut Films,/6FAuASQHybRkZUk08p9PzSs9ezM.png,NZ
7,DreamWorks Pictures,/zcKhWbxFJ4CohZ9dLBMxmOArTVn.png,US
64863,Club Jenna,,
54814,Breakout Pictures,,
3231,Apple Creek Productions,,
18666,Cold Fusion Media Group,,
23058,Artists / Media Cooperation,,
54818,RedGuitar,,
4063,Trimark Pictures,/psOuT9ReSYhcBEB5ptnw7D2FdsE.png,US
13313,GO Films,/tun1rhS6dv5Z0m7mFCZqaJrUPjl.png,CA
799,Carlyle Productions,,US
3038,Katsu Production,,JP
151114,Dainichi-Eihai,,JP
5686,Sil-Metropole Organisation,/o4aETXAP9HxOSRbGDWgBfkSzSJw.png,HK
6985,Burning Angel,/bNUhxigdSpi6WnyOFXMzAD5N21a.png,US
10102,Cattleya,/hdJq0LbqmBx6FJqnfTtfqvAsAkV.png,IT
29729,Famous Players-Lasky Corporation,,US
11556,Mirae Asset Capital,,
94913,Saehan Industries,,
16505,Taehung Pictures,,KR
15174,Manoj Creations,,IN
2233,Bristol Bay Productions,,US
2234,Baldwin Entertainment Group,,US
2978,Crusader Entertainment,,
23359,Peter Newman/Interal,,
307,IFC FIlms,/gUi3pAUznQJpR296lw4mSVbB7zx.png,US
4785,Tele-Cine Film- und Fernsehproduktion,,DE
22786,C. Fénix Films,,ES
1787,CCC Filmkunst,/tWdfCS6OBkxSuXao5lluNKDIvlc.png,DE
508,Regency Enterprises,/4sGWXoboEkWPphI6es6rTmqkCBh.png,US
644,Alcor Films,,US
67992,Cornelius Productions,,US
183,Le Studio Canal+,/eadyph99FClrWlnE0jPniwOcvvw.png,FR
39606,Subutopian Films Inc.,,
6112,Digital Playground,/wWrRC80656YYP4QqRqcUkdb99xN.png,US
60919,Marlboro Road Gang Productions,/aixGsrDcrXmzkrOs5nr5YqT01ry.png,US
2130,Mr. Mudd,/g0lqeY2FvhzXcOI6z8RVXbORRUY.png,US
27934,Palm Pictures,,US
105061,Arthouse Films,,
1693,Nina Saxon Film Design,,
7429,HBO Films,/6in9uMqxXEHx5XgYgkeRBpZ4rPw.png,US
43711,Dean Film,,IT
50825,Mass Film,,IT
9152,Devon Film,,IT
2185,National Cinematografica,,IT
15868,Medusa Distribuzione,,IT
4794,Studio Eight Productions,,GB
35,Lions Gate Films,/wxrHa3nZ1K4zo65p56991INkGo6.png,US
62282,Emily Gray Productions Ltd.,,
62283,Paper Pictures Inc.,,
62284,Scissors Stone Productions Ltd.,,
18445,2Entertain,/aLLOkuMcuuIff2oTIT1IuNzfAe7.png,SE
12960,Numero Uno Cinematografica,,IT
1242,Reteitalia,/qOvcm1WCLlAdNoQ1kCkk2J7bhWk.png,IT
9,Gaumont,/nda3dTUYdDrJ6rZqBpYvY865aDv.png,FR
223,Les Films du Losange,/pdthRbCuXNlrGNwnmLFRxv5Zy3t.png,FR
11244,France 3,/gCHH1xt3dKjlm9NuMPF9ekpPWD6.png,FR
1583,RAI,/gKP4egMJOi5rksdnplfPV1wa0sd.png,IT
12431,SRG SSR,/3m45frhaRCLsCKuMtuj7ZwfGwBB.png,CH
29587,ASA,,
54286,"Caravel, P.A.C.",,
1981,Dauntless Productions,,
138272,Flinch Studio,,
8601,Tim Burton Productions,/kqubCH3sfBAk4znUj7hjqv8ffgi.png,US
28688,Triumvirate Films,,
88251,Nonpareil Feature Film Corp.,,
6941,Gloria Films,/mjl7Tn8vszEPdWIfIg3c6weyjPP.png,FR
59458,Ravina Filmes,,BR
37400,Tambellini Filmes,/HIOAnMyRpW1rACPhX1NB53XG9c.png,BR
346,VideoFilmes,/ymwuRMQkrQojx55MeMO861Rdecz.png,BR
2159,Hal Roach Studios,,US
12617,Belarusfilm,/9Wf5DFTvzxo0pSqDp8MQWW3d01.png,SU
13851,Soyuztelefilm,,SU
13383,RD-DR Productions,,
7848,Playgirl,,
2756,Vertigo Productions,,FR
153563,Adelaide Festival of Arts,,
2441,Fandango,/7Vutdea75apwXkRyfQ4Ne6j0KcN.png,IT
14514,Luis Film,,
34885,X Films,,ES
18789,Rolin Films,,US
4285,Universal Cartoon Studios,/2lYBhGMYUUUToRssPb2Oxka5MrP.png,US
2894,360 Pictures,,US
559,TriStar Pictures,/eC0bWHVjnjUducyA6YFoEFqnPMC.png,US
491,Summit Entertainment,/5LvDUt3KmvRnXQ4NrdWJYHeuA8J.png,US
39985,Golden Harvest Productions,/4K0Fjrh7l2gVNwlGuRH4rTEFxTC.png,HK
3324,BBC,/dqT3yOTlfJRmtvk52Ccd1O6dZ0A.png,GB
129712,Thames Records,,
52346,"Zespół Filmowy ""Rytm""",,PL
641,Titanus,/w8flpSJntsxVCMkIU1qeg1kJcJh.png,IT
3318,Xingu Films,,
12474,J&M Entertainment,,GB
1974,Duplass Brothers Productions,/t8p2PpDBJo282a5TTr6Ln0wVkMZ.png,US
164827,Biograph Company,/9Bh1V6m55hXos3hCLeo8DUW16aH.png,US
28950,Dschoint Ventschr Filmproduktion,/8RuUUKhPiJbICV03XO79IhSh8CH.png,CH
42145,SRF,/fX8uY3tXWh814PLVqKM0IJEoDPW.png,CH
104576,Filmhaus Films,/sNhEzePPkxW3AKqr3l0h7I1k0hR.png,AT
483,Praesens-Film,/uL6KIolH7ehyNrfvpKr83YpyCC2.png,CH
266184,Topic Film AG,,
1465,Metheus Film,,IT
5940,Avala Film,/pJR6Hhx3FsRPzoh4LyJyHEa6cD3.png,YU
12135,Parnass Film,,DE
1082,Lux Vide,/lEvojpyYkqD9W8mIEH5LB1cft2q.png,IT
154744,Rai Fiction,/qYIEHRctL3YFth36F1LwhEQvOl5.png,IT
5376,Studio Interzona,,IT
284577,Timeline,,IT
84048,GAGA Corporation,/mkxZQuPpZ0cBDfjr4PAxltGSsoH.png,JP
12150,PARCO,/WdjrchcdBhMcdQU5wWrL60lPd7.png,JP
199398,Spoon.,/Q6fnWCZTEw6x2hONWk9zrld81i.png,JP
286640,DAYTORA ENTERTAINMENT,,JP
9221,Toei Video Company,/7hEAueutGnsQUyUGnp5zQ1YmCrO.png,JP
7111,Geneon Universal Entertainment,/vHUCDHu63vjfQjDNHvKqlUWOdwE.png,JP
192522,TOEI CHANNEL,/iYDSw5OoZhmKgV0wbW12aX45XYH.png,JP
122616,TV Osaka,/6foQmoPac7WCDnDuDbuCZklmDuA.png,JP
7542,Yahoo! Japan,/15mlqcBV6kxXSUbPvqxpeMMtzae.png,JP
40972,Studio 2-B-2 Entertainment,,
170208,Lenfilm,/8qh5BEyKYOQ0e81LPbvWHQvyOy5.png,RU
100852,Profit,,RU
25100,Sport-Films,,
22814,Falcon International Productions,,US
29110,Filmco International Productions,,LY
192913,Fighting & Entertainment Group,/1r98OP3Tf9bTUpQ4iPCPvPBEBAf.png,JP
259611,DREAM,/9rYUVpAjNKHzJKeBJ3C6YDKDXKu.png,JP
56080,M39,,TH
2549,Trans-Cinema TV,,US
15847,MTM Enterprises,/citziAyntn5lDG23a6oKMTzptYt.png,US
13963,Orion,,IN
143420,Leisure Time Booking,,US
10131,Caballero Home Video,/sWDEuk6CBtoqaPy8kCYJ1u9RZAA.png,US
10519,Cinemaster,,IT
3633,EMI Records Ltd.,,
8117,Max Films,/eVsVPEZRK63zsQMxxSHf5Cv017g.png,CA
9335,Canal+ España,/ldfniRgxCYegCbGEROEBKbmg4A5.png,ES
10093,Els Films de la Rambla S.A.,,
67581,United Productions,,GB
80640,Martin Pope Productions,,
5620,Meridian Broadcasting Ltd,/9Edp714KYc2hvFaDOsgwLtPziab.png,GB
40014,Producers Network Associates,,CA
23884,Aliceco Inc,,
129603,Jerks-R-Us Productions,,
4397,The Archers,,
248975,Brownie Films,,
158922,"WDBG Productions, Inc",,
59629,CNGM Pictures,,
6149,Monarex,,
6704,Illumination,/fOG2oY4m1YuYTQh4bMqqZkmgOAI.png,US
6886,Elegant Angel,/s39kM4kT4OCWZ1bopp4hjQXywQY.png,US
10096,Walter Wanger Productions,,US
89238,MGM Cartoon Studio,,US
73525,Space: The Imagination Station,,
1203,The Ontario Film Development Corporation,,
73524,Bedard/Lalonde Amusements,,
5788,Private,/yinfjn2frssMZuW2DNVH1QwJBZv.png,US
3964,Funimation Global Group,/l7MfzbsazzcSoefr8hUkrX2HArm.png,US
8269,Breidablick Film,/xL0PRW4PM3TYoh4sQqqpcBewxn0.png,SE
8270,Break Even,,
8272,Cinenord,/yA4lAFuoB7y241U1ikoe2ECFyo9.png,NO
4521,Cinema Art,,SE
19117,Katapult Film,/4ILenL9PJnoYmaIRzUSJKA3abVe.png,HU
41109,Fred Wolf Films,,US
21097,Worldwide Media,,
1079,Xstream Pictures,,CN
4243,Gullane Entretenimento,/1HE2IvZ6DLRHHl7ZCk5tXzzj6jD.png,BR
1168,Novo Arturo Films,,FR
3394,Sundream Motion Pictures,/pWXEs0yOxKYmfy9zgbtvgps3ZnM.png,HK
4667,Bitters End,/kW2HfJ2R3xBfXRW6jdevcSGavHT.png,JP
85393,University of North Carolina School of the Arts,/8QJLFAqwlEMBXrZDaB97seZWla1.png,US
5556,Universal Animation Studios,/qtdp2UWJNleyYy6ur7DDgPYUxqz.png,US
1923,RTÉ,/ilgktofJY7OsURHfccJrug4GKdQ.png,IE
2801,Film i Väst,/bswb1PLLsKDUXMLgy42bZtCtIde.png,SE
1898,Fís Éireann/Screen Ireland,/8ix6SGlJiyuUDxLBtY8E0PY2G7w.png,IE
394,Videofilms,,
21920,The Steve Tisch Company,,US
13419,SKA Films,/qSRsZqjAUEHEkqOHSqLdCSmLzcU.png,GB
20076,Handmade Films,/ed9JyPNLqNOyJBJlDuv138sm1ES.png,GB
5661,Cinema Center 100 Productions,,US
8988,Duea Film,/A0gkFhxkqEbpKxwuutnS6wP12FC.png,IT
16069,Unione Cinematografica Internazionale,,
921,Next Wednesday Productions,,
21775,Union Entertainment Group,,
26197,Skyscraper Films,,
7372,Paper Street Films,/ouJZliqslZepeihJHqBYWoBNBqR.png,US
2,Walt Disney Pictures,/wdrCwmRnLFJhEoH8GSfymY85KHT.png,US
619,Terra-Filmkunst,,DE
1054,Allianz,,
135910,Century Media Records,,
6679,MarVista Entertainment,/r3r7qbHKgo8N0yr7r1TjLmzLXfQ.png,US
30085,Unity Pictures Group,/1gH7cQubTfkhpyfsDaFwS7k1EVH.png,CA
185616,Family Channel,/7XL5Bdp6hxzvwlP3TINCpY4BiN1.png,CA
8797,Storyline Entertainment,/4mrkWRV6JWYQbP6qV8pyP7ji6tO.png,US
11073,Sony Pictures Television,/wHs44fktdoj6c378ZbSWfzKsM2Z.png,US
104,Canal+,/9aotxauvc9685tq9pTcRJszuT06.png,FR
8212,Folimage,/pkWt7XNwx5GssnXmTsXLKNpalaH.png,FR
132712,Eva Entertainment,,
84544,MR Films,,
17339,Javelin Films,,
14377,J. Arthur Rank Organisation,,GB
8070,Fokus Cinematografica,,
8071,Fokus Film,,
8072,İrfan Film,,TR
20181,Coop Vidéo de Montréal,/51PVTqYHBEl5AFJKwjT4uPsslpq.png,CA
124989,Perfect Circle Productions,,
3017,Present Pictures,,
191286,Dog-Eared Pictures,,
6735,Participant,/pAQW38WU8ychBvYU2aGPTEbynEN.png,US
6736,Image Nation Abu Dhabi,/cdCAYeb3K3Ajhn1tfXHPSfT1KzB.png,AE
215,Double Feature Films,/tQyeqkCj24krhY2W8qeAztcOS37.png,US
169169,The DuVernay Agency,,
32910,SMB Investments,,
6550,Breakthru Films,/rK7qbf3EXp34rfbAuC9TgJ4HYXh.png,PL
39242,Gentle Machine Productions LLC,/nfvhhJjsU7y8MMpXDf0vOmEGYtt.png,US
3007,Bam-Ram-Ewe,,
4207,Sahamongkolfilm,/v5BSFwIXQmZEO16bClILNrbv4Kl.png,TH
694,StudioCanal,/5LEHONGkZBIoWvp1ygHOF8iyi1M.png,FR
62546,2.4.7. Films,/tY53okXrorVw7MML5zWiTcwlx4D.png,FR
11317,Phoenix Pictures,/hMboqqmeILXFeOJjuCsn3FvCIT3.png,US
1208,Rising Star Productions,,US
2116,VIP Medienfonds 4,/j7grgeyXof8VBmqbBBSNaqVoOCb.png,DE
288,BBC Film,/aW0IpM9d4Zjj978EqgDVSxXXhTj.png,GB
102070,Listen Productions Distributors,,
58411,C.P. Productions,,
6045,Richard Williams Studio,,GB
94,ARTE France Cinéma,/huC7HqorvUThGIrENrbcHmQVUA0.png,FR
17084,Catherine Dussart Productions,/gvpnQhxFbQ6afXjzRKt654HPy7y.png,FR
9341,Etalon-Film,,RU
16975,Lichtblick Film- und Fernsehproduktion (I),,DE
46,WDR,/3xFdKHLXPGHEbrAkmsepGE8974Y.png,DE
170585,Mosfilm,/1nUzkMSbZOzoYgHHhBSJ5xGwnIm.png,RU
27196,Ciné B,/BQMN3MdMZWWab8Yn1IWl4N7a4c.png,FR
34079,Laurel Associates,,
34080,Cougar Productions,,
41314,Kino kultas,/y4AMtQPWXbYth92fD5hj8CuUuAF.png,LT
17765,Jost Hering Filmproduktion,/64gzCy66QsCwiNUtg3BPTdZYDwM.png,DE
1312,The Mount Company,,US
5744,Cramer Co.,,
2514,Alliance Films,/zEyrFF8Nn325PXG0Q9j7my0JqIJ.png,CA
45443,Q&Q Medien,,
486,Portobello Pictures,,GB
3539,Odyssey Entertainment,/fcIK6o3OYB5LZcy0ir6yPlZtwk4.png,GB
16850,ApolloMedia,,DE
21446,Film and Music Entertainment,/h7RoHnW0eUCqAYAImeFjDlClR8n.png,GB
55331,Union P.N.,,IT
147,Fidélité Productions,,FR
836,Elzévir Films,/93zzVd8ijSExx6DhVI4Xqj8WmOJ.png,FR
2210,K2 SA,,
6115,Hustler Video,/cg27IpLNOe8PsXebhglYD81a890.png,US
85891,Alibi Film CV,,
85890,Nijenhuis & de Levita Film en TV,,
23946,NCRV,/nMSb08CGf7EPLaY6SDlOknlS9ZP.png,NL
66722,Sid and Marty Krofft Enterprises,,
417,Australian Film Commission,/w7d3hoHQaC0XwjrxEG1yPeuUhu5.png,AU
6237,Porchlight Films,/xfpb8Q8tVU0ZeQ6AUmi27jBRxra.png,AU
1236,Mandalay Entertainment,/xkxmDvj3JKohTqHB7QZZIhAqSS2.png,US
1141,Engine Film,,JP
1142,c-style,,JP
12424,TV Man Union,/nBer3gCkrK5yCG3Q0sJhFSuwZIk.png,JP
16918,Cinequanon,,JP
17183,Warren Miller Entertainment,,US
73736,Mir Film,,
2931,Tube Entertainment,/47CEPZWiLfmmXuH93PD3tz1s1hx.png,KR
72559,Dikenga Films,,US
118541,Finite Films & TV,/nEiu7eIxyuFdOCeXgEC7nPtDKP5.png,GB
13788,Hopscotch Films,/dNLCLFvMac9l8xIBhKOyJKfef7u.png,GB
35459,TVA International,,
16647,CineSon Entertainment,,
3857,Fireworks Pictures,,CA
12026,Gold Circle Films,/l1Y8SRH3EaElU2niZQLT3I8tOFp.png,US
28761,Pfilmco,,
1093,Shoreline Entertainment,/7GreTaRypmbOBoFYoCCRkYH3Wvc.png,US
48155,Laïka Films,,CH
213447,Gelijke Kansen in Vlaanderen,,
12043,Fonds Film in Vlaanderen,,BE
69658,Lui Ming (International) Film Enterprises,,HK
17962,Slovo,,RU
14169,Kinderfilm,/kc3DbPHZrvx0FP2aVGZfEDxm4Jn.png,DE
167655,Schlicht & Ergreifend Filmproduktion,,
162,BR,/pIK5tsFVxjoXTJGcd0nYhiL1kn1.png,DE
2067,RBB,/y5knLIUjYsKBIlM4W0dLruWwYaC.png,DE
32510,CinePostproduction,,DE
5214,Rainbow Productions,,US
12236,Blinding Edge Pictures,/bVu0qQm4GujSTCvZZz9S3rHDczA.png,US
862,The Kennedy/Marshall Company,/vdK6ZhC2CSW36j0VPEavRxOpbEg.png,US
1722,Copa del Oro,,
14120,The Directors Company,,US
157110,Norman T. Herman Productions,,
5542,Toei Animation,/ayE4LIqoAWotavo7xdvYngwqGML.png,JP
8520,Walter Lantz Productions,/x6HLTQILKcImVQ3GvVCwy35W5fz.png,US
60804,Les Films d'Avalon,/eyXvY18fl5I1JQjBAsyE7vwYc9h.png,FR
76710,Mördred Films,,
76711,Dark Factory,,
76712,Cosmodigital,,
15548,Berolina-Film,,DE
12186,Seltzer Films,,
14599,Soyuzmultfilm,/hz8piJ9Np1MswUyav0JDNGf42pO.png,SU
1964,Oko-Film,,
7617,Open Sky Entertainment,,
6790,Discovery,/A0TzRpnwLcUcNgrvDJ0BIajf56b.png,US
10715,Alfred J. Hitchcock Productions,,US
5919,Iron Circle Pictures,,
5920,Appaloosa Pictures,,
5979,Vivid Entertainment,/njlcdHWlOT2IgvN5V6XMv0DrTVi.png,US
670,Walt Disney Television,/rRGi5UkwvdOPSfr5Xf42RZUsYgd.png,US
10522,Lira Films,/yah2JnPzeYIjOMq7YsCMoPvnFIs.png,FR
23534,Amjo Productions,,
31317,Meridian Films,,
2751,CML Films,,
8356,Viva Films,/tais5f60IAWlBZvkU8KwjGvBUc4.png,PH
13282,21st Century Film Corporation,/6Ok4uT3msxQMzAZ3jwxhVdqzeb6.png,US
1799,Breton Film Productions,,
869,Dee Gee Entertainment,,
2488,SC Entertainment,,
13427,Prism Entertainment Corporation,,US
49589,Scena Film,,IT
92629,Forum Films,/k3vwhBtfocZgg4SilE4rNJDTUUe.png,CA
11570,Foundry Films,,CA
3097,HDNet Films,/9wovALoSnGuHXLUw3Fn3n48rIN7.png,US
23921,Circle of Confusion,/simDvqT8y6jhP530ggUMbikvVKc.png,US
112456,Daemyung Culture Factory,,KR
123445,iVision Entertainment,,KR
3491,Showbox,/hXRKXi3M9qfP4Npi1kjAaH4eGnM.png,KR
134797,Seattle Pacific Investments,,
74939,Fresh Produce Company,,
1009,Crown International Pictures,,US
1010,Marimark Productions,,
1807,Warwick Film Productions,,GB
3632,Romulus Films,,GB
8890,Wessler Entertainment,,
1156,Conundrum Entertainment,,US
91002,"C3 Entertainment, Inc.",,
444,Dune Entertainment,,US
18230,Filmgate Films,/la7GdaztdxKjJ22IUKn6zHjKKa0.png,SE
22195,Ihrevik,,SE
22196,Lunatic Speed,,SE
22197,Seat 13,,SE
10175,Fladen Film,,SE
12477,Film i Skåne,/tuREvnCzrM5sNXyrKRFCyB1gHF8.png,SE
327,Nordisk Film Sweden,/vodjjKlAbwGeERPjrAhxZMBGPUc.png,SE
6220,Mattel,/cAj69EL1zSXmZH6STbMGZrunyMD.png,US
102897,Rainmaker Entertainment,/ackYRJXIse2uoLDawNVs1HzEJgm.png,CA
13869,Apple Film Production,/An0DTLeIcDmtSEVRtgObe0l4feH.png,PL
983,Parallax Pictures,,GB
96085,Chuck Jones Enterprises,,
3052,Troma Entertainment,/kqP7DC8cUCzDSI5SXiJKJKmQg1K.png,US
27230,Ganga Gowri Productions,,
4211,Magic Hour Films ApS,,
10735,WG Film,/dr3q9elZkW0Ttfdn5QMhNz5r6ww.png,SE
4748,Oscilloscope,/bTMeosrSiKaTPmZiTYnSDZlin5d.png,US
6384,Universal Home Entertainment,,
333,Original Film,/5xUJfzPZ8jWJUDzYtIeuPO4qPIa.png,US
506,Newmarket Capital Group,/obIWjrmF9pWzxXcDCd3810YzJpk.png,US
268021,Coast 2 Coast Pictures,,US
77499,ASP S.A.,,FR
74999,Riouw Beleggingen BV,,NL
75000,Oranton Ltd.,,IE
2166,ABC Circle Films,/1JBQvc8wfaEmdnUHmFCjVRYtr4g.png,US
176162,ABC,/6p5mbxa1dzikbnVlLc11uroG9GU.png,US
15352,Full Moon Features,/sk4KMGNHLCPe03XiQaDmBPnczjy.png,US
4867,Full Moon Entertainment,/ifNDQE2NMX3QAJgX0517FZMkLq5.png,US
14160,Jaffilms Inc.,,
14263,Rickmill Productions,,
22658,Star Cinema,,US
1444,The Cannon Group,/1848gsFuV3EGewKg8xWADAyJUVy.png,US
15058,Casablanca Filmworks,/iFXMQHthpibxASzdZFoa41fHFmX.png,GB
5712,Condor International Productions,,
1950,New World Pictures,/eIoDtHIJKZaZ4hGbKgqC0PzlqJc.png,US
5369,GMM Tai Hub (GTH),/tjuwCtH2mVCEFCYBT6CTytdiqot.png,TH
4007,Phenomena Motion Pictures,,TH
310,CNC,/4Gp5A4YdjPBfsHT47ngHMaXWmb9.png,FR
4294,Merry Film,,DK
118781,Anna Cinematografica,,
4509,Hands Up Prodctions,,
37760,Iberrota Films,,
4003,Halestorm Entertainment,,
138734,LDS Singles Online,,
85763,Ere Kokkonen,,FI
7564,Mvd Visual,,
5309,Forgan-Smith Entertainment,,
16016,Eurofilm Stúdió,,HU
654,South Pacific Pictures,,NZ
1071,Spice Factory,,GB
2452,UK Film Council,/gOkUB0TdXRLAl6s0s6jCSLS3sOb.png,GB
342,Davis Films,/kZ99mxyNvNgyAFjm7rcl9vfYmU8.png,FR
199207,Velvet Octopus,,
4213,Sol Lesser Productions,,US
26281,Ardustry Entertainment,,US
26282,Mediastream Film,,DE
1311,The Asylum,/ic2bTizdzRLDVzAvN7MXdUg3WQV.png,US
199870,Into Action Films,,
10523,Mondial Televisione Film,,IT
10680,Inex film,,YU
12782,Rapid Film,,DE
13930,Embrafilme,/3XZZx8IOBO8bIl2kZxvvFeLuhMC.png,BR
18405,Kinotar,,FI
6153,F-Seitse,,
1369,Full Moon Pictures,,US
16822,Tempe Entertainment,,
4554,Cimarron Productions,,
42136,Moxie Firecracker Films,,US
84412,LM Media Production,,US
107025,Red Five Entertainment,,US
172699,Bad Apple Films,,
21957,Rainstorm Entertainment,,US
172700,Autonomous FX,,
1931,Filmové studio Barrandov,/5erHhgvym2cTORao8ajtn2gbiTH.png,XC
798,The Samuel Goldwyn Company,/nQgX1MOLySgug7FDONdIkht3xob.png,US
5846,Thames Television,/h9O2O30eqiYaNi8qRKclV2U4Wjw.png,GB
101023,Thames International,,
23624,Cinescope Productions,,US
42084,Yarno Cinematografica,,IT
72317,Reclusion Films,,
4702,Brimstone Productions,,
356,TF1 Films Production,/9tW5wZEGotn1Ei5pErA88m47XiD.png,FR
68915,Suburban Tempe Company,,
232960,Amsco Studios,,
10105,Apatow Productions,/bN4tiAS8oNlHhIqq66KBPQ1Ekqh.png,US
158,Spyglass Entertainment,/6SHlNIype9zmyEMRsBtoueUtLsq.png,US
18936,Marble Arch Productions,,
34800,Roadshow Coote & Carroll,,
14590,New South Wales Film Corp.,,AU
15125,Capital Equipment Leasing,,
10958,Brad Grey Pictures,,US
8934,Studio Hamburg WorldWide Pictures,,DE
37892,Keystone Entertainment,,
15709,Keystone Pictures,,
296074,Air Bud Entertainment,,
1533,Indigo Film,/bMD3Zv15TujMXJwvqoTFY6Scexx.png,IT
21649,Sky Cinema,/6Ji6E59Wt9O4VA6nqwAd6RW7ijs.png,IT
38591,Friuli Venezia Giulia Film Commission,/fa8Jp9NDuVxwokaKMah081ILYh4.png,IT
14016,MiC,/snclwsIZQbgvqYCBJP8fqNlCA5y.png,IT
851,MEDIA Programme of the European Union,/kieSA3GFVysJcAUXNRer06u6e5x.png,BE
6246,Medusa Film,/7X6pfxldTiOD7MLo2EQqUQlmOUw.png,IT
9371,Victoria Film,,
29165,Rialto Film,/d1wokdgTjC7lJs6yktVd61JZrwD.png,DE
6181,SF Studios,/gYyww91VI1jdH89xpZgFFc8zN3F.png,SE
5403,Nordisk Film & TV Fond,/fAz2WhTpoMxutBA92JqlfeHEGuz.png,NO
8408,United Auto Workers,,
8409,United Productions of America,/osYFlsgvFQXfEBAlvUgvWQHINLB.png,US
1432,Republic Pictures,/odyWStT82nGf2LQCyfs7iFudwa0.png,US
7894,Arena Productions,,US
23651,Grand Slam Productions,,
275988,Pariah,,US
11496,Jalem Productions,,US
17348,Cirandinha Productions,,
30290,Adolfo Aristarain,,
6458,INCAA,/eT4oMUK7ODM0vvZue8yq3Ojwqf8.png,AR
7680,Tornasol Media,/aZ5xfV3J3kSShvHxo06ypgE2QBD.png,ES
981,TVE,/pkrdO9ykplO4Zc8edikoSX5APUN.png,ES
8997,SBS Productions,/79j5EijIG8NrRg5ibLtdooXTsiu.png,FR
2673,La Fabrique de Films,/kgqoT0BfqE1vWEXuliWoAsglH.png,FR
9177,Eisei Gekijo,/4J38yaZJMtU8fI1bxIdE9PHnGb7.png,JP
70143,Engine Film Group,,
1309,Rainforest Entertainment,/gdsheJrD3lznh3O2qEPBDn54Anq.png,US
8930,Euro International Films,,IT
75054,SIGLO,/bTjp9kFYInvPhD2nxjB7hVOZQG8.png,JP
7799,TF1 International,,FR
15645,Reel One Entertainment,/uX2ZxAA6TeLQZUHb0IqMrhAb1kL.png,CA
749,Christal Films,/vdl6tOwJ4O75gFEC5gDk17Fop88.png,CA
57342,Cypress Point Productions,,
16510,Filmways Television,,
117704,Umbi s.f.,,IS
99847,DCT Enterprises LLC,,
4298,Remstar Productions,,US
1996,Novo RPI,,IT
1992,La Petite Reine,/tGYQyvkKTqAEXidVisQ5FDipKAP.png,FR
16424,AVM Productions,/kLH2SB5nkZYw478rkEY95fNQp3v.png,IN
4343,Showtime Networks,/rXq1B1Hnkdnw6soz1zoGcslK3wb.png,US
1341,Regent Entertainment,,US
39611,Below The Belt Entertainment,,
12548,Ufland,,
20555,Taurus Film,/hD8yEGUBlHOcfHYbujp71vD8gZp.png,DE
73335,Lunacy Unlimited Productions,,US
110406,Lunacy Productions,/nBtz06yBISLCzIvvgeoUtfKeCzU.png,US
9329,The Vitaphone Corporation,/aue5pVfj9TcjYEOufkcuCbAL5hE.png,US
134798,Leon Schlesinger Productions,,US
4679,Shavick Entertainment,,CA
11511,Regent,,
6521,CanWest MediaWorks,,
54881,Copper Beech Productions,,US
221540,Anil Kapoor Film & Communication Network,/6LVZ5JosGhxVTf2cnLr8iReoWXN.png,IN
57619,National Commission for Culture and the Arts,,PH
61547,LEB Telon Productions,,
61548,Jesuit Communications Foundation,,
10330,Universal International Pictures,/vevakirICdmHxRPeZUdbjFqcFLM.png,US
96303,Albion Entertainment,,
7981,Pathé,/6Yv1gIAuGkHS5Vis4UjnqHhCPWV.png,FR
6301,CinéCinéma,/jma8ZaHq1KAzlXW3v0RswVOWSdn.png,FR
65204,Richard Wainwright Productions,,
1638,Francoriz Production,,FR
1639,Les Films Jacques Leitienne,,FR
32208,Imp.Ex.Ci.,,FR
1131,Rizzoli Film,,IT
2169,Magnolia Filmproduktion,,DE
23153,Wüste Film,,DE
5466,Irwin Entertainment,/1QCiwVMHyYxLtcEd4NGvlQ7cmA4.png,US
2703,Cipango Productions Audiovisuelles,,
15092,Les Films à Un Dollar,,
12407,Panache Productions,/g11ZDtSicimXi5MmwUznAsEomXZ.png,BE
2282,Roissy Films,,FR
39114,Hong Hwa International Films (H.K.) Ltd.,,HK
21769,Educational Pictures,,US
2100,Andrew Stevens Entertainment,/lPsU64VTQPWk6JhK7uDzCjocoFj.png,US
1370,Castel Film,/uch218gB4XWNz3JNhlc65A5Q207.png,RO
218142,Chranders Film Produktion,,
3462,Walter Shenson Films,,GB
55763,DEFA-Studio für Trickfilme,,XG
1763,Europa Film,/mpT9ipd8lt4qMYzdnV8SN7VJdnA.png,SE
3041,GAINAX,/j9VqEdiNqIkMJKku1UTGMAvmuRr.png,JP
529,Production I.G,/rwB6w2aPENQbx756pBWSw44Ouk.png,JP
13583,Tatsunoko Production,/3AcqA6uF49Auq43niCf9NQPGxsU.png,JP
1194,KADOKAWA Shoten,/dwkHaFLgtA7CUNbgKK0wB6bospu.png,JP
113750,SEGA,/A3QVZ9Ah0yI2d2GiXUFpdlbTgyr.png,JP
1405,Fildebroc,,FR
17873,Les Productions de la Guéville,,FR
1546,Universal Pictures France,,FR
5394,Bad Aaas Cinema,,
37580,MVP Films,,
58,Sony Pictures Classics,/voYCwlBHJQANtjvm5MNIkCF1dDH.png,US
109369,Showtime Independent Films,,
42819,Globomedia,/f5h7s7xdwG3mL3F3MWnQfwMdRli.png,ES
29566,Atresmedia,/wHbtRtUnXGNzX0riQIpq1fcgueq.png,ES
8531,Versátil Cinema,,ES
5005,Bedlam Productions,/letEuggPWBjO3HVu1QKAy5DoJZU.png,GB
5004,Hazeldine Films,,GB
635,Les Films Alain Sarde,/ikp5Hokscs88jMWSkM9dB98U3Ak.png,FR
80255,Divali Films,,
265870,Compagnie Cinématographique Prima,,
88041,Kislev Films,,
27155,Malay Film Productions Ltd.,,SG
54632,Bridgestone Multimedia Group,/g5ZjMCwI8rbOd4cdxWXCb0IYCOm.png,US
4824,Taurus Entertainment Company,/7hbsinpDzqlWbjp6jumTFcmUnOj.png,US
3984,Entre Chien et Loup,/pvOBu9K0zTRuwJW7WII34x17kdz.png,BE
3883,JBA Production,,FR
186508,Georgia-Film,/dONUQvMFW5X8DCw6nX9Dk26TQwF.png,SU
14074,C.A.P.A.C.,,
2389,Hugo Films,,
22618,Mat Films,,
22684,Kasso Productions,,FR
17787,Filmica Vergara S.A.,,MX
4618,Turner Home Entertainment,/qjHiyXI6t1iijO0hamXliukk9rC.png,
17,Warner Bros. Entertainment,/famoQxsF9T7bDspYcFAfEcv2o3z.png,US
11354,Sparkhill,/cEqgq2mU75TnvQdh3C8FByuTzAj.png,US
12372,UFA,/lcQScIQXHQXuLMLFQt0loJl5gWJ.png,DE
6881,Parafrance,,
7682,T. Films,,FR
86906,NEO Motion Pictures,,US
888,Overseas FilmGroup,,US
13534,First Look Pictures,/vAbdXfuYEakiBnrCDJf3ez50geK.png,US
20479,Manson International,/qXRIhohcMoCj4PhFCn1trRBVKye.png,US
170204,Gorky Film Studios,/3EP1gJYMGlEt7j17naPMg5e2LH2.png,RU
8253,Skylark Productions,,
89394,RadicalMedia,/m1Hku3PhgdsQiPO8uVe7szyrxAb.png,US
112093,The Film Company,,AU
19813,Flower Films,/ghwsAlXu3EUASvogao1PV9iq5Ni.png,US
6976,Justin Slayer International,,
285,Live Entertainment,/ebAB20KtEg4J0eFMFBGhFJsSoYc.png,US
234468,Mandarin Film Company,,
11109,Ko Chi Sum Films Company Limited,,
4960,Filmayer,,ES
10392,Estudios Cinematográficos Roma,,
116596,G21M,,
16906,Arizona Films,/jZz6a4jRImsklUdEcEVuoJknkno.png,FR
36270,Korean Film Council,/diDSz5VPxV5AAYaDg1Ih8jJpCdu.png,KR
1216,DDL Cinematografica,,IT
12007,RAT Entertainment,,US
1449,Alfa Film,,DE
47237,Asia Tropical Films,,MY
22482,Grand Brilliance,/i7utM23t3cr6tzBtoktTnmDxlsN.png,MY
49976,Shanxi Film Studio,,CN
14248,Baroda,,
5170,Emergent Films Ltd.,,CA
9300,TV Asahi,/9sSD1XufVCJWAadNiC9Mwu994VD.png,JP
53884,Rampage Entertainment Inc.,,
53885,"Accusatory Productions Inc.,",,
11550,Corus Entertainment,/3oQFsgYn68gvDAkELfiX4tn65Ui.png,CA
1087,Aurora,,US
7077,Combat Zone,/fRDkexwEFcosq9JZ7qinxOysoM0.png,US
77793,Global Creative Studios,,
27434,The Wiggles Pty Ltd,/dP9KkWtxnNkgUFz0CfIB1SiszBd.png,AU
94855,B & H Entertainment,,
5128,San Francisco Film,,IT
3502,Alquimia Cinema,,ES
195545,Cofimage 14,,
4407,Gimages 6,,
20366,Gimages Développement,,
11246,La Région Île-de-France,/4YZ5CQZkJa2FIKGtjLLoKhNOAIw.png,FR
95496,Natexis Banques Populaires Images 3,,
30210,New York Film Academy,,
86743,Karmic Entertainment,,
6695,Jocks Studios,/p2rIxaNOcFIINu2lGey8nWFISVq.png,US
3448,ITV,/dcA8JDfnnQPMaq8lv2CCiYrNe0S.png,GB
4967,Taurus Productions,,US
12268,Dynamic Planning,,JP
62556,Remarkable Films,,US
21899,Michael Mailer Films,,
94333,Super16,/zyB21Aa1WJsGe2nLc0SEWfMGwEW.png,DK
131279,Framework Films,,
33660,Camp Hill,,
9386,First Motion Pictures Unit US Army Air Forces,,
6308,U.S. Office of War Information,,
3618,Film Workshop,,HK
1569,Yash Raj Films,/lvzN86o3jrP44DIvn4SMBLOl9PF.png,IN
206976,Dhoom Studios,,IN
15357,Prime Focus,/uvaRT02pY9U8qLH8a9WwwAroDqr.png,IN
8265,Schmidtz Katze Filmkollektiv,,DE
5974,Making Movies,/vgPUbUDwVGL1ruiPv2KFtjh75UD.png,FI
93983,Mougins,,
21258,North American Pictures,,CA
3520,Tube Pictures,,KR
153682,Lion's Gate Films,,US
217096,Lou Adler-John Phillips Productions,,
235,Nordisk Film Denmark,/obOynoztBEhDNfHsDXBqOuQLAZk.png,DK
5746,Yellow Bird,/sWgSj9muRStENKBoIoaDK6OZmDu.png,SE
80065,Vyjayanthi Movies,/9zMLq3789hC7qAPpbMl4TwaxJ69.png,IN
15943,ZM Productions,,
5776,Capital Productions,,
5777,Thrill Films,,
2576,Christopher Janssen,,
2307,Hell's Kitchen,/owHyONluEVR9YdJtJv3XfTacKWD.png,IE
2127,Uco-Film GmbH,,
6762,Decla-Bioscop,,DE
22997,Légende Films,/niPdWsCgM1HoAEnh3Z200V4nDIo.png,FR
84108,a'dam films,,
23384,Check Entertainment,,
109291,Unicorn Film Production,,
4300,Viba film,/hTb79FtutjvRRAKmIufvM4uczwm.png,SI
882,TOHO,/fRSWWjquvzcHjACbtF53utZFIll.png,JP
6359,Cipher Films,,GB
10583,Independent,,GB
5654,DJ Films,/b7vmFp8iNIY9Djmvie3yzSKeg5l.png,GB
12018,Limelight Fund,,GB
59215,Aurora Features,,
59216,Camera Experiment,,
76529,Cinema City & Films Co.,,
13773,Alberta Filmworks,,CA
3997,Alberta Film Entertainment,,CA
2541,d.i.e.film,,
2922,Levity Productions,,US
120550,Sunset Productions,,
688,Rankin/Bass Productions,/hiCX3Z5p6sMWi2mF0CpLYHJy6aB.png,US
7567,Elektra Entertainment Group,,US
1373,Jürgen Brüning Filmproduktion,/elABIdMBK1AiBv7jzU48P0my55j.png,DE
56303,Hustler White Productions,,
3923,Strand Releasing,/qFWM5g28knWRu4MRv0IptS7SCSP.png,US
78057,Dangerous To Know,,GB
81990,Stance Company,,JP
270428,Swell Company,,CA
14861,Before the Door Pictures,,US
14862,Washington Square Films,/2YobmEkVFAcw368uz6Ie1sGP2C8.png,US
46225,Untitled Entertainment,,US
1221,Gainsborough Pictures,,GB
280441,Hunter Productions,,
135200,Performance Video,,
1026,Cartel,,ES
92027,Altube Filmeak,/xYmtWTWRU0F0gl8dhwYCXdhkseE.png,ES
142942,Conexión Sur,,
119816,Titanic Cartoons,,
8972,Prommitr International Production,,
21620,Nina Conti Production,,
22310,Atlantic Swiss Productions,,GB
24648,Panaramic,,GB
44632,Gravitas Ventures,/neCKH4sJCBhZ1B4QocTM4VXCQOR.png,US
128256,Bad Wolf Films,,
22309,Piccadilly Pictures,,GB
11841,Wales Creative IP Fund,,GB
184393,Lip Sync Productions,,GB
179318,Fire Dog Films,,
179319,TiMe Medienvertriebs GmbH,,
179320,Liaison of Independent Filmmakers of Toronto (LIFT),,
3498,Malofilm,,
55219,Celluloid Dealers,,
16366,La Sept Cinéma,/llLC13cdNDmJbq0E0PG8fraWsLp.png,FR
3797,Apple Corps,/pG2RaiOwELHvPJnjrPUbwzkTTxc.png,GB
100069,ABKCO Films,/xxk7P6xZKsjd7cV5S7CwJhU2OMW.png,US
7070,Davis Entertainment Classics,,
38180,Dark Matter Productions,,
5653,Ilion Animation Studios,/lJj4v0DWNy7f0jJKA26Bhz4yjgk.png,ES
43,Fox Searchlight Pictures,/4RgIPr55kBakgupWkzdDxqXJEqr.png,US
1600,Craven-Maddalena Films,,
445,Major Studio Partners,,US
297,Aardman,/8ixoR3cvroUqNDLjaX6AZmJIdRY.png,GB
5574,Modernciné,,
12221,Modern Girl Productions,,
197727,Muppets,,US
10864,CTV,/uPoKSf3GtME7IZz4alnoWvc0nWx.png,CA
1502,NBC,/ywjcvHUiKxv7cYsestkONF8LieH.png,US
8676,uFilm,/5u4GmXn4QMU39GQxGZoGfNtQ23r.png,BE
10159,nWave Pictures,/5JOsh2wI3joS6LyGwIJ7I4WopbZ.png,BE
10160,Illuminata Pictures,,US
19037,uMedia,/tceh2aAORA5JxIZSLQ1GkzTBZDL.png,BE
6255,Jim Henson Pictures,/kEHqVVnhAa26OA8FtGbRCBHUgOA.png,US
152299,TriCoast Worldwide,,US
1353,Hanna-Barbera Cartoons,/yXhCcOFK5Fy3ZBQwhBYx8Zu9ZIw.png,US
74308,Johnson and Gibson,,
74309,J. & N. Tait,,
73766,Walter Manley Enterprises,,US
3094,Shintoho Company,/vF7iTe9c00UaTnuL9oSpZTXROyC.png,JP
146598,World Wrestling Entertainment (WWE),/6B6g6PR19RWX4UVi8Q46lZbwb2L.png,US
4173,BFAM Studios,,
4856,Elite Film,,CH
368,Splendid Pictures,,US
37844,Davis Entertainment Filmworks,,
2188,Artisan Entertainment,/f1zrx8bIsS81AHoPQq4riJx68Lt.png,US
146438,Billy Wilder Productions,,
41308,WEA,,
4722,Zoulou Films,,FR
4723,Assise Productions,,
214,Eagle Vision,/qIptM4dZBNflgv2OXzYECv8iQNH.png,GB
1711,Ognon Pictures,,FR
2401,Drew Associates,,US
58472,Meseart,,
51304,Séléna Audiovisuel,,
28391,Antea Cinematografica,,
51305,Lagonda Films,,
7110,Les Films Ariane,,FR
26899,Orphée Arts,,
2620,Lona media,,DE
93134,Centre Pompidou,,FR
93135,Centre de Creation Industrielle,,
45,Road Movies,/tUkNOAjyTt9D56DUeQfmmAFvwYQ.png,DE
215371,Diamond Dog Entertainment,,
1804,North by Northwest Entertainment,,
104585,EMI Music France,,FR
169855,13 Prods,/owxjMUpB2uvfF0sdGrT6gQo2GY4.png,FR
227387,Films on Tap,,
20561,Precon Process & Equipment Corporation,,
16198,Falcon Pictures Corporation,,US
763,Intermedia Films,/mCnIVkImjm8rUxIpGR5NgrGlIYL.png,GB
11371,Palomar Pictures,,US
20344,First Light,,US
23861,IMF Internationale Medien und Film 2 & Produktions,,DE
23863,K-19 Film Production,,
114038,National Geographic Films,/hgVQE5KwqBhYPKLC9lZmE6zarco.png,US
3467,Studio Trite,/pumbDNR4udEagb3ldNUMFSA85Fn.png,RU
12917,Atkinson/Knickerbocker Productions,,
16434,Sathya Movies,,IN
72363,C.L.G. Films,,
72362,Governor Productions,,
7541,Sovereign Pictures,,
469,Hemdale Film Corporation,,GB
539,Block 2 Pictures,/iPLtePguIzOPNtAWfTxWLXb2O11.png,HK
5650,Central Park Media,,JP
13066,Nippon Columbia,/2fgqTGBeaKaGer4vDUXmYaUIR5o.png,JP
13065,"Hiromedia Co., Ltd.",,
4544,Fox Network,,
23807,ZenHQ Films,,
6904,Filmpool,/hYZGaKXbbpf6KS3slxiglZZj9kL.png,DE
5798,Shaw Brothers,/tmuI9BGXgpWLmokhlxpnG3IGNQB.png,HK
8440,Quanta,,
17415,Casa de Cinema de Porto Alegre,,BR
72343,Aftab Negaran Institute,,
72344,Aftab Negaran Productions,,IR
93671,1171 Production Group,,
93712,Paladin Entertainment,,
89700,QD3 Entertainment,,
3966,Doosaboo Film,,
3967,FilmZ,,
14197,British National Films,,GB
19692,John Corfield Productions,,
14154,Essex Productions,,
167489,George Sidney Productions,,
294568,Wyrd,,
3468,Hal Wallis Productions,,US
1926,Les Films du Fleuve,/eSnbNBmDyok9rcpWxYRaBjTaq1n.png,BE
2250,SCOPE Invest,/459Y6FWZNaSjMJUicqfvlNpZXJe.png,BE
2695,Archipel 33>35,,FR
50934,The Novice LLC,,
50935,Chickasabogue Filmworks LLC,,
50936,Lumpkin Productions,,
17590,Maasen Film AB,,
17591,Pandion,,
28762,Mokép,,HU
4808,Incine,,ES
52105,Jet Films,,ES
2353,Kaktus Producciones Cinematográficas,,ES
16466,PRC,/4MT9eqAB0bHzhaFVVniMaxlJ5xS.png,US
5921,PRD,,
14738,Marching Band Productions,,
14739,Spitfire Pictures,,US
14737,Grey Water Park Productions,,US
81480,K.S. Film,,
10437,Lisa Film,,DE
101,Roxy Film,/raOrnuBuBXLhQTnwmiEjyg5d4kQ.png,DE
431,The Donners' Company,/6dcR1MbRqYgt3jUVYxkHe68GFnZ.png,US
1171,Epsilon Motion Pictures,/wp7NwsxxHT8sqPaek6SlxnXlkP4.png,CH
28699,Cinemaundici,/vCqaf8TwyhBgpHBoCvCkoaGtrON.png,IT
27124,Pierre Grise Productions,,FR
11015,Heller Highwater Productions,,US
25003,Ocean Films Company,,
25065,VUFKU,/ugfX3cgasxoDtUjkmWqlthK4hja.png,SU
711,Fox 2000 Pictures,/tEiIH5QesdheJmDAqQwvtN60727.png,US
10221,Walden Media,/99VfWRgKasZoyK9UVB39gnYvFrZ.png,US
79503,C.S. Lewis Company,,GB
1183,Impala,/hvk8LhoLFWu7212jsYi8KtJGRb2.png,ES
6139,Riverside Pictures,,NL
45693,Cristaldifilm,,IT
155418,Rai 3,/heXoK24E57zJiXZvp76Ous4C5cR.png,IT
185850,Forum Picture,,IT
42894,SparkShop,,
42889,Chuck Fryberger Films,,
7405,Dimension Films,/rfnws0uY8rsNAsrLbx3gEIcYXx3.png,US
13184,Annapurna Pictures,/pfUB1a62jSMIqp4Xmaq6z2cgW0B.png,US
211726,Mark Boal Productions,,US
11973,Société d'Expansion du Spectacle,,
12726,Alcinter,,
84534,SODEP,,
65943,Oceanfront Productions,,
2883,Aniplex,/rDYExnBV61jGQnkhVVrPN4Yl7O1.png,JP
55914,Konami,/fLZm5yRhOmaYb82wvCMOPiClMMB.png,JP
1778,dentsu,/b5rT6VbYza3LyfltCmz1OcqzWJM.png,JP
124,SWR,/7MjDMOybX0D3fcIEpCyY9es5XZU.png,DE
1843,Grand Army Entertainment,,
2267,First Choice Films,,CA
2268,Isle of Man Film,/wgDks2qYgwN6u1OkW1bBre0rf4F.png,GB
112548,Distant Horizon,,ZA
44717,PMS Filmworks,,
4233,Lightning Pictures,,US
487,Česká televize,/x3BUIowxU2skXOpnOeOkl7kIYDo.png,CZ
903,David Brown Productions,,US
793,Galatée Films,/10DhIXAmAixQvBOsjZ1MOeSRyUC.png,FR
7694,Delante Films,,
6852,Cirrus Communications,,CA
2105,Thura Film,/48jOgfdOkjNXwHPhbtpHj1H8kRt.png,DK
39820,Goff-Kellam Productions,,
4870,Consolidated Documentaries,,
1246,River Road Entertainment,/s0doRYEVWp3a4Y4Cg7R4fE9cwov.png,US
52759,Public Road Productions,,US
911,Roadside Attractions,/bWlWGUKejrUflSFV2aRG4o98p1D.png,US
10580,Harry Sherman Productions,,US
50458,Pink'O,/kJr7qaViqRAKVWqgHuGSq8Bgc8p.png,IT
42673,Rock Films,,RU
6258,Dorcel,/oZXGEHxv9D6UWgKJnlRyiSThYDW.png,FR
5680,Fervi Film,,
96622,GeBe Film,,
5016,Nepenthe Productions,,GB
47264,Watership Productions,,GB
10563,Critérion Film,,FR
44507,Regina Productions,,
2076,Gloria Film,,DE
203484,Plum Pictures,,US
4090,Hanson Allen Films,,
39483,Hart-Lunsford Pictures,,US
7988,Steppenwolf Films,,
2644,Benedek Films,,
28864,PorchLight Entertainment,/h9SuMmWNAaKNqCx0AJ58Qrn8ILz.png,US
48611,Waterfront Pictures,,CA
68392,Harmónia Film,,
13947,Benmar Productions,,GB
10726,Time-Life Video,/gzG5OWvwJEzSd8EJuXbB60bc5R0.png,
65129,Dark Harbor Stories,,US
175,Caravan Pictures,/Aruhqf13whJ0bNSgtv1gt3xclT6.png,US
18064,Rekun - Cinema,,RU
102855,Valery Todorovsky Production Company,,RU
97,Castle Rock Entertainment,/smyTD67uNsdaySnnjVDmh0kyotp.png,US
10153,Simian Films,,
3057,Katzka-Loeb,,US
3472,Jolly Roger,,JP
822,Happinet Pictures,/HF2fFP8MH9juSCoN2VtQCFQYPD.png,JP
8136,MTV,/zHS0wY1haJ3GOvkHFOf8Dfjkyt3.png,US
19016,SLC,,
128847,Planet Studyo Plus One,,
11725,VAP,/3OZxd70DZ1LbVelmZK8mR5FIXxO.png,JP
13631,On the Box Productions,/9GFAsbnw4a3yaXERGnWlYNC0h64.png,GB
5111,Paradox Produksjon,/cHPWFsOLLSX8Qw9FD9q3FqEnDSd.png,NO
36897,Jethro Films Production,,
3903,Unified Film Organization,/scJ51vavJ3t27v5zqlSbtnMv8u3.png,US
4639,Arzu Film,/e3WnGsYfpLOkz2OUZozoPIbcGjP.png,TR
876,Sara Films,,FR
6060,AS Productions,,
5563,Koncern TV og film,/g2ozlYmAKKfly0sx8w8HktjBs9H.png,DK
11860,Barnholtz Entertainment,,US
98499,Good Looking Ink Entertainment,,
3287,Screen Gems,/bz6GbCQQXGNE56LTW9dwgksW0Iw.png,US
126,Lakeshore Entertainment,/kADPanRDkKTxncPXXVahvHPUvCj.png,US
7738,Sketch Films,,US
7740,UW4 Productions,,
6228,Zero Tolerance,/8ri2J4BsP4LFlq8V1h9cOXf3btn.png,US
17837,RCR Media Group,,
11341,Stage 6 Films,/eZuaGAonSPXsmXR44huTBXgPUSd.png,US
1633,Next Entertainment,,US
45347,Aetos Produzioni Cinematografiche,,
23225,Stark Raving Black Productions,,
6608,Ekran,/9Y6JQEzZefmsx60VjidZD7cHsOF.png,SU
16210,Julius Hagen Productions,,
75848,Svocine,,
8451,Filmograph,,CH
20550,Forum Films,,FR
48279,Golden Films Internacional S.A.,,
149332,Vice Studios,/3pvLAa2Q3bWiRLPgBGokWSRSvWe.png,US
6574,Lions Gate Family Entertainment,,US
75144,Crawfords Australia,/lAkAX5WgHJOagd3zDoDydKNqQh6.png,AU
82959,Film Brokers International,,
201895,WOV2 Productions,,
7870,Aspa,,ES
18624,Hallam Productions,,
208490,Big Ben Films,,
86094,A.F. Cinema e Vídeo,,BR
8490,Fama Film,,CH
329,Typhoon Film,,DE
238592,Ocean Pictures Pty. Limited,,
193252,Baldur film,,
3159,Migma Film,,SE
538,EMI Films,/oGpxL5lFf8VpWsAQ6tut0on25LW.png,GB
79077,The Jerry Leider Company,,US
4614,A&M Sound Pictures,,
468,AAA Production,/42mtaDQPu1OTmfrvmwq6OsnHLPG.png,FR
4396,NBA Entertainment,/g76GCLOncS4SKIYfhWT70Zo4ypv.png,US
8298,Warner Bros. Cartoons,/r6cuEYq7DqrHCNVa7vSanTS0cuw.png,US
11852,Avni Cinemax,,IN
7101,Star Union Skykee Film Investment Co,,
52206,Alejandro Martínez,,
93258,Playarte Pictures,,
7380,Initial Entertainment Group,,US
15653,All-American,,
3325,John Downer Productions Ltd.,,
157119,Belarusfilm,/9Wf5DFTvzxo0pSqDp8MQWW3d01.png,BY
10845,Lenfilm,/8qh5BEyKYOQ0e81LPbvWHQvyOy5.png,SU
5283,KoBura Film,,
25125,Ministerstvo kultury Rossiyskoy Federatsii,,
25126,Studiya dokumental'nykh fil'mov Sankt-Peterburga,,
1039,Channel One,/vTDwphEW5Ikiqu6UxrRCzhfFcVo.png,RU
5630,Non-Stop Productions,/s0mHCw53fp6EAapR7g0dwYbz0l5.png,RU
4262,Tezuka Productions,/K1m4DWOObFOKCJp6XGOskEKymE.png,JP
2212,Planman Motion Pictures,,
226767,Tangerine Digital Entertainment,,
1506,Filmation Associates,/kn81D1txpA73a90z7CWJPvlP6iP.png,US
12077,Viacom Productions,/s6p5INYKlo6gD6RFXlm9ACA2VVj.png,US
16614,MVP Pictures,/1tubNNggNsJ3xNtNigXfEwWgrEa.png,ID
28013,Film Unlimited,,HK
5548,Bona Entertainment,,
30148,Bona Film Group,/zerhOenUD6CkH8SMgZUhrDkOs4w.png,CN
8250,Bona International Film Group,,CN
122289,Emperor Motion Pictures,/4l16C8j9h4frZO5iPD71lpLqTH3.png,HK
38616,Paradise Production,,FR
38617,Quantum Entertainment,,CN
38618,MovieBank,,
5113,120dB Films,/qd5ru3vUvGb6dhXSzkHn7EQoX2D.png,US
1607,Gold/Miller Productions,,
38619,Galaxy Productions,,
81787,Farándula Films Producciones Cinematográficas,,
90303,Ekip Film,,TR
81550,Waken Productions,,
12529,Film One Productions,,US
