keyword_id,keyword_name
166485,ellery queen
128,love triangle
2792,boxer
7439,woman between two men
154802,silent film
166802,prizefight
209476,boxing
249834,boxing ring
269120,prizefighter
308144,boxing match
188955,hand to hand combat
263338,bolo yeung
242,new york city
3012,court case
33518,district attorney
168346,"manhattan, new york city"
186715,gambling house
221204,accidental killing
254019,nightclub hostess
2652,nazi
1956,world war ii
9812,honor
14643,battle
241930,adolf hitler
273967,war
282633,history
331,tattoo
2599,necklace
8264,symbol
10058,sorority
12339,slasher
208518,burial
379,skinhead
4307,reggae
233,japan
3691,forbidden love
4344,musical
10181,based on play or musical
180830,minstrel
232473,whitewashing
281237,independent film
303437,yellowface
2771,octopus
2408,côte d'azur
11399,marine
13078,skinny dipping
14725,race car driver
15106,psychiatrist
188339,surgical instruments
188340,punch in mouth
188341,traumatic accident
188342,sleeping pill
188343,diagnosis
188344,riviera
252297,regression therapy
255541,obsessive thoughts
2157,hacker
4654,undercover agent
2708,hitman
10717,chain gang
10718,fugitive
10391,mafia
11148,police chase
208592,floppy disk
230701,"atlanta, georgia"
4048,musician
470,spy
4320,lover
6270,high school
931,jealousy
6733,bullying
10216,outcast
9986,crush
41203,clique
157303,first love
177040,fashion design
178444,peer pressure
180787,social differences
190116,school life
207763,abandoned by mother
208289,1980s
220314,wealth differences
246862,teenage angst
297793,record store
325147,high school prom
818,based on novel or book
10131,interracial relationship
167861,caribbean sea
241927,race relations
3590,piano lessons
165636,mortician
165641,tied to chair
165643,song and dance
165647,fisticuffs
165660,talking to the dead
186370,close-up
6029,concert
11634,live performance
1384,diamond
770,scotland yard
3568,lone wolf
208611,1950s
327947,deaf child
10947,goat
160963,elderly couple
238096,rug
9807,film noir
2564,wheelchair
6154,hell
9663,sequel
34079,death
9817,behind the scenes
33490,filmmaking
6440,hit-and-run
10337,cheat on husband
10235,family relationships
187056,woman director
5919,necrophilia
9672,based on true story
9826,murder
10714,serial killer
14895,cannibal
378,prison
395,gambling
420,bowling
1442,winter
1930,kidnapping
3398,release from prison
4345,tap dancing
3688,strip club
14558,bathtub
40865,new york state
156121,ex-con
164186,character study
174916,bowling alley
197702,day in a life
241778,prison release
255316,"buffalo, new york"
156091,missing person
351706,young detective
4552,beer
9673,love
15111,drinking
10617,disaster
8015,cop
41393,new england
3263,american  way of life
6165,historical figure
10410,conspiracy
12026,alternate history
5420,fisherman
174594,anti-nazi resistance
189422,nazi occupation
208729,hiding in attic
222687,german army
287390,love in war
319447,belgian resistance
329309,navy pilot
332395,downed aircraft
6078,politics
10770,mad doctor
215678,partially lost film
5359,marine biologist
2988,shark attack
12670,"los angeles, california"
15097,shark
736,journalist
779,martial arts
380,sibling relationship
390,skateboarding
1308,secret identity
853,crime fighter
9715,superhero
1852,mutant
4735,pizza
6362,turtle
9717,based on comic
9824,reunion
10278,ninja
11157,sibling rivalry
12653,brother against brother
14731,martial arts master
41412,sewer
234753,ancient curse
243959,brother brother relationship
269710,anthropomorphic animal
12999,black and white
1706,experiment
263548,short film
6054,friendship
206438,sixth grader
90,"paris, france"
11371,deserted town
6511,alone
9253,slapstick comedy
4280,mental breakdown
157634,parasite
178665,mayhem
223198,uninvited guest
6075,sports
5452,stunt
10109,fmx
10110,motocross
2080,stewardess
2804,exploitation
3436,karate
10184,airplane hijacking
34137,dungeon
732,coma
428,nurse
2279,"bavaria, germany"
1262,mountain
11612,hospital
195732,ski
236,suicide
409,africa
1560,dynamite
1963,expedition
10148,tribe
7464,alcoholism
8353,eternal youth
10061,dysfunctional marriage
10787,jungle
13005,doctor
15140,quicksand
166726,female villain
212001,hormone therapy
9856,flashback
13028,writer
14985,ireland
208501,troop ship
657,fire
1566,dreams
3030,nightmare
4426,sadism
6259,psychopath
886,movie business
6152,supernatural
3521,earthquake
4142,insomnia
6732,mascot
2494,ohio
6562,celebrity
9820,alternate dimension
10232,fame
12396,hollywood
47020,storytelling
160612,self-referential
161184,reboot
170383,disfigurement
175629,alternative reality
179878,sleepwalking
190157,nightmare becomes reality
225012,satirical
239797,complex
256183,supernatural horror
321464,intense
325772,assertive
3201,orgasm
2383,feminism
5756,man woman relationship
10685,escape
999,sports car
9748,revenge
11719,dirty cop
2658,new zealand
4112,strike
592,capitalism
6344,"liverpool, england"
6345,docker
6346,trade union
164400,labor union
242272,acrobatics
156033,jekyll and hyde
1415,small town
1421,birthday
697,loss of loved one
2468,foster parents
5424,women's prison
208476,starting over
2878,scientific study
3036,bible
5647,natural history
131,italy
163442,italian family
1224,radio station
3925,boredom
1228,1970s
3230,male friendship
11425,male with long hair
8030,pirate radio
11700,rock music
41352,drug overdose
155939,group of friends
164246,nostalgic
198047,little town
260941,young rebels
2656,hat
567,alcohol
1749,taxi driver
2849,key
3170,cigarette
3501,bed
9639,playboy
10668,stuffed animal
15237,alcohol abuse
33457,alcoholic
33681,top hat
161037,goldfish bowl
164044,alcoholic drink
182376,gentleman
188991,drunkenness
210692,comic drunk
234193,drunkard
251074,charlot
253896,tumbling
275134,carlitos
3298,hallucination
10309,sanity
10364,mission
782,assassin
1462,samurai
4978,immortality
10491,swordsman
14546,massacre
18098,samurai sword
18100,seppuku
18103,code of honor
155198,ronin
158228,kimono
186753,jidaigeki
190446,edo period
192913,warrior
207928,19th century
233290,harakiri
312229,bakumatsu
516,child abuse
726,drug abuse
1533,isolation
2438,social worker
6272,children's home
11494,drug use
10261,stealing
155643,foster child
178909,runaway child
208400,foster care
232051,care home
254,france
1400,swordplay
1721,fight
8201,satire
6199,dressmaker
6717,louis xiii
9725,sword fight
14577,musketeer
34094,extramarital affair
157186,swashbuckler
159747,diamond theft
175245,sword duel
180314,diamond necklace
204357,cardinal
207941,17th century
250303,queen jewels
267882,queen anne
288304,1620s
297352,swordsplay
317660,three musketeers
210024,anime
12990,singing
188717,cross country trip
156052,unemployment
186800,human cannonball
2125,gallows
8250,victorian england
13129,execution
18476,noose
33407,hanging
156120,train robbery
159858,strongbox
159859,gold theft
159862,british history
159868,playing piano
159871,horse carriage
249866,death by hanging
273124,public execution
326066,execution by hanging
332162,hanged woman
9016,femme fatale
534,mexico
5970,wrestling
9917,mixed martial arts (mma)
236159,luchador
245742,lucha libre
642,robbery
6149,police
703,detective
155331,jewel
210079,window washer
2078,mammoth
2079,sloth
2219,ice age
2223,barrier ice
2224,ice melting
2984,iceberg
3289,villain
3528,flooding
4875,deluge
4663,lovers
158017,saber-toothed tiger
840,usa president
1423,asteroid
1432,nasa
5096,natural disaster
4040,space mission
4803,comet
6941,tsunami
10221,meteorite
10222,astronomer
14626,astronaut
168669,meteorologist
181012,tidal wave
189411,disaster movie
2952,gulf war
1543,war veteran
6049,praise
3203,pilot
11107,rescue mission
11110,dead soldier
11117,tank
4595,us army
11124,medal
10141,battlefield
158778,behind enemy lines
162365,military
173458,army life
798,sheriff
1502,marshal
1329,canada
10468,bear
209100,overalls
11263,electric chair
325798,disgusted
7002,vigilante
6513,cartoon
11034,b movie
578,rock 'n' roll
210770,pixies
3133,vampire
3149,gangster
2334,nightclub
156764,pre-code
174539,police inspector
197618,racketeer
897,rap music
898,hip-hop
436,south seas
6464,uncle
160279,18th century
180803,polynesia
230692,bonded servant
2041,island
339,submarine
2106,cold war
264778,soviet/russian navy
3859,alcatraz prison
211706,mob family
225410,hippies
248210,acid trip
2389,virgin
1003,photographer
1486,flirt
1715,symbolism
3616,college
3344,letter
9887,surrealism
7312,road trip
5800,geek
9840,romance
9789,misfit
10226,neighbor
10873,school
155291,cowboy
207819,accident
207989,struggles
4884,infection
12377,zombie
5571,great depression
10683,coming of age
11687,breaking the fourth wall
41523,"brooklyn, new york city"
165402,semi autobiographical
191440,jewish family
214548,1930s
11207,u.s. marshal
4779,delinquent
5340,investigation
10028,steampunk
161395,alchemy
202335,alchemist
351855,occult detective
10601,blaxploitation cinema
15090,police officer
15359,dead woman
1849,homicide
1468,child murder
5774,forest
12193,reporter
12570,whodunit
13014,orphan
14765,church
15162,dog
157136,lynching
161814,psycho killer
161982,murder investigation
192127,persecuted
261274,dracula
9713,friends
11151,statuette
11152,life insurance
5895,vikings (norsemen)
1191,norway
15101,based on children's book
179101,norse mythology
230105,norse god
3836,success
11038,trial
305648,deal with the devil
359089,tail
2966,louvre museum
183603,face
155790,private detective
348644,the falcon
922,hotel room
1332,cheating
1545,supermarket
2060,penalty
6025,photography
4728,knife
5732,birthday party
6844,stalker
8517,photo lab
178649,voyeurism
178895,questioning
231641,unfaithful husband
314730,suspenseful
316832,tense
325780,callous
325809,enthusiastic
325817,foreboding
6123,global economy
14737,economics
165193,financial crisis
549,prostitute
14805,maniac
15127,killer
1499,pastor
9440,todesfall
9727,thief
18114,exploding car
159534,stolen painting
570,rape
3392,voodoo
9712,possession
10114,evil spirit
9707,evil doll
15001,demon
156174,occult
2350,"seattle, washington"
6340,weather forecaster
8631,slacker
10850,sexual harassment
13384,morning show
14522,co-workers relationship
198673,unemployed
213119,living with sibling
238034,irrational behavior
240485,brother sister relationship
243535,sassy
253419,social media influencer
257177,famous
304941,public meltdown
310491,older sister younger brother
310582,broadcast journalist
310584,distraught
393,civil war
10786,colonel
12663,little girl
187257,yankee
246535,dancing on a staircase
10084,rescue
2673,horse
2702,golf
148540,married woman
214815,hotel guest
220927,wooing
322268,comedy
328540,humor
330733,golfing
361900,w.c. fields
5248,female friendship
6876,vacation
9935,travel
15130,gay marriage
34061,american abroad
229237,united arab emirates
242454,former lovers
267913,abu dhabi
392,england
4630,chaos
8161,situationism
220373,class struggle
246,dancing
13088,summer
496,poetry
14964,drugs
156260,stripping
156801,club
14675,lethal virus
191565,unplugged
83,saving the world
2280,emperor
4238,chosen one
10123,dark comedy
3485,comedian
5565,biography
2864,one-night stand
9841,observational comedy
1541,nihilism
1419,gun
4470,punk rock
33556,urban setting
207268,neo-noir
233130,self-harm
1454,treasure
158992,gentleman thief
180199,gun shooting
207826,shounen
250748,phantom thief
10807,"salt lake city, utah"
616,witch
1994,wolf
4174,little red riding hood
179430,aftercreditsstinger
179431,duringcreditsstinger
240442,blood revenge
169814,aviator
1252,suicide attempt
4375,transformation
3556,seclusion
4158,enchantment
11826,cottage
13097,maid
15120,kindness
157676,disfigured face
163853,war injury
171826,told in flashback
195463,canteen
208764,fiancée
220492,war trauma
223946,ugly girl
234161,american g.i.
337993,blind musician
359456,act of kindness
9844,car crash
2376,perversity
161351,nazisploitation (nazi exploitation film)
1859,arizona
166464,confederate soldier
4833,royal family
13027,wedding
14720,love affair
154794,royal court
192344,marriage of alliance
215257,unhappy marriage
4270,galaxy
803,android
1826,space marine
1280,laser gun
1530,temple
2902,space battle
3801,space travel
4578,altar
4579,magnet beam
4583,speed of light
4585,plastic surgery
4587,password
9755,parody
11931,spoof
171993,mumblecore
441,assassination
7606,dictatorship
13006,torture
314347,alphonse daudet
2200,generations conflict
7335,lawsuit
8881,jury
10909,lawyer
15208,biting
49950,prosecutor
163592,woman in bed
179014,jury trial
188993,true love
190115,sexual liberation
199645,crime of passion
202666,unfaithful
208992,1960s
225089,moral
235592,criminal trial
241738,sister sister relationship
246414,women and society
280940,sisters
283057,passion and romance
287101,suicide by gun
287906,woman falls in love
304123,customs and habits
313612,defendant
319919,sexy woman
322008,sisters relationship
325929,conservative values
330737,seductive
345893,conservative society
365815,moral values
366090,sisters love same man
163053,found footage
2036,greek mythology
6085,election campaign
9728,caper
159955,cavemen
160064,cave girls
7478,edgar wallace
212,"london, england"
848,double life
924,italian
1338,bachelor
1808,female lover
2336,ladykiller
3188,heart-throb
10818,author
271,competition
10104,dance competition
10106,ballroom dancing
15009,criminal
240303,father daughter relationship
836,resistance
2149,drug trafficking
10508,teacher
10766,youth gang
293178,king kong
18543,combat
596,adultery
351,poison
252596,victorian era
10563,attack
33652,private
155573,wild west
183978,cheyenne
185454,us military
191093,colorado territory
215162,indigenous peoples
273293,1860s
273294,1870s
320710,sand creek massacre
388,scotland
3593,wilderness
4063,siege
4100,british army
4550,full moon
4301,grenade
12564,werewolf
13065,soldier
50009,survival horror
162199,standoff
234538,molotov cocktail
15216,avant-garde
258533,gay theme
12197,compilation
1416,jazz
8608,violinist
640,transvestite
208262,lottery ticket
209205,post war life
351726,drama comedy
780,kung fu
1294,whip
18432,female martial artist
170335,whipping
9716,stand-up comedy
10292,gore
4368,nuclear power plant
204146,nuclear catastrophe
10541,curse
1815,atomic bomb
190638,workers union
10703,tragic love
33508,doomed love
220448,bipolar disorder
41645,based on video game
162846,ghost
1612,spacecraft
1299,monster
839,planet mars
1828,space suit
4862,alien life-form
9951,alien
9882,space
10539,martian
159287,gas mask
191132,space exploration
210614,monster movie
5349,surfing
1668,hawaii
2799,cruise
238192,poisoning
3725,pregnancy
221298,pregnant man
176223,bulldog drummond
40879,drunk
209051,adopted son
242989,urban horror
250593,horror anthology
3800,airplane
2006,extreme sports
4300,parachute
4289,secret agent
8181,swimming pool
12415,back from the dead
190019,dominican republic
208156,frantic
234496,free fall
2964,future
585,casino
6220,mafia boss
157265,moon colony
6587,east berlin
9825,growing up
156026,east germany
700,italian american
1946,restaurant
2766,mutation
3335,halloween
6879,poodle
11581,severed head
13092,corpse
18082,flamethrower
162538,pitchfork
174413,reanimated corpse
210592,secret military program
320420,hilarious
970,parent child relationship
367,shyness
2135,radio
4618,stepdaughter
6669,stepfather
6625,family secrets
9823,rivalry
10266,prom
12392,best friend
12974,principal
166229,prom queen
186117,dj
187022,rebel hero
194869,boy band
208930,radio dj
224548,drama class
6304,sewerage
6780,medical examiner
5502,castration
4954,paternity
168491,testicles
232716,genital mutilation
1016,"wyoming, usa"
414,hunter
2522,grizzly bear
2752,ranch
9897,rifle
10656,child in peril
11059,bear trap
189432,hunting dog
2355,american dream
3306,highway
10532,suburbia
6107,energy supply
10590,oil
10591,energy
33577,environment
41500,oil industry
161662,urban development
190954,peak oil
194451,social issues
213796,public transport
219890,sustainability
391,flying car
603,elves
2343,magic
1938,sword
2913,diary
3650,child hero
3884,school of witchcraft
3888,giant spider
4252,black magic
3891,giant snake
170881,child driving car
177912,wizard
207317,christmas
246466,based on young adult novel
325824,hopeful
336530,teen fantasy
966,beach
3358,haunted house
4507,clowning
11112,search
13031,creature
41351,will
155619,attic
10051,heist
11615,internet
206369,live recording
4565,dystopia
175884,organ donation
195337,belgrade
209087,alternative rock
156212,spaghetti western
261264,dreary
10325,mistaken identity
588,"rome, italy"
14588,disillusionment
41525,high school teacher
203322,dramedy
210608,1990s
5769,global warming
185218,environmental change 
195570,riscaldamento globale
586,new jersey
2570,rock star
3975,spotlight
10483,eccentric
11870,teen movie
14632,suburb
33928,audition
166233,pygmalion
184483,divorced mother
240315,mother daughter relationship
266244,aspiring actress
296608,teenager
171400,fraternity house
171401,pot
171411,teen suicide
171416,autopsy room
422,vietnam veteran
529,ku klux klan
193551,vigilantism
1571,return
14729,shape shifting alien
18011,pregnant woman
160945,expectant father
160946,expectant mother
161534,pregnant wife
162532,shape shifter
163481,cocoon
163484,senior citizen
163491,human form
163497,ice cream sundae
325762,adoring
325781,celebratory
1568,undercover
3713,chase
582,"san francisco, california"
2095,anti hero
10291,organized crime
219404,action hero
6285,coup d'etat
18009,iran
312893,housefly
312894,uncle tom
1565,loss of sense of reality
2038,love of one's life
744,"madrid, spain"
3636,face operation
5884,life extension
9094,womanizer
13063,car accident
156851,psychiatric ward
8032,"florence, italy"
10941,disappearance
11869,mistress
165470,convent (nunnery)
184987,repressed memory
189445,gypsy girl
227947,dual personality
253807,traumatized woman
257139,repressed trauma
272737,peasant girl
287652,gypsy king
1437,burglar
1562,hostage
9990,villainess
3562,time bomb
9665,cover-up
10044,tragic hero
11943,mobile
13015,terrorism
14796,destruction
14955,fighting
15011,criminal underworld
156082,cat burglar
173272,flood
15167,police detective
155845,french noir
4232,melancholy
5914,writer's block
179367,impossible love
186827,marital discord
190453,female convict
229137,mystery woman
229455,swimming instructor
267113,personal narrative
5246,students' movement
1353,underground
977,cat
1817,orgy
5436,sexual revolution
6782,addiction
5927,violence against women
10209,race riot
11477,anthropomorphism
11528,hallucinogenic drug
11530,sexual freedom
11532,grindhouse
11534,sexual violence
161919,adult animation
220,"berlin, germany"
1436,inventor
3061,national socialism
5490,girlfriend
6218,right wing extremism
6852,afro-german
10791,teenage crush
160910,xenophobia
1582,saloon
10229,singer
158244,riverboat
165871,showboat
6118,finances
9398,"long island, new york"
10631,stockbroker
193889,investment firm
209792,candid
226257,investment banker
325761,admiring
325807,enchant
1435,scissors
14676,series of murders
3290,laser
6490,shopping mall
8506,remote control
12190,cyberpunk
14544,robot
15354,struggle for survival
157690,mall
186523,lockdown
190149,trapped in building
226887,falling
340171,android horror
33476,widower
1326,infidelity
643,horse race
1879,shower
155490,disco
4319,french revolution
5708,gospel
156205,concert film
208282,gospel singer
210421,gospel music
9194,harem
5605,volleyball
7984,bikini
15058,swimming
156401,car wash
192514,beach party
192638,camel race
9799,romcom
167043,road movie
1382,factory
10726,gang
176345,east side kids
5265,espionage
3338,invention
4326,theater play
12660,blind
14760,scientist
18117,female spy
33671,german shepherd
160127,guide dog
165439,guard dog
180087,enemy agent
191001,war effort
193272,spy ring
207556,blind man
207749,crooked butler
215141,secret formula
215424,industrial spy
231762,industrial espionage
256967,service dog
269063,scientist's daughter
273865,research scientist
287699,dog hero
296560,theatre producer
299678,enemy spy
302916,safe cracker
308080,white butler
312217,design plans
314593,woman spy
6951,biker
187212,portrait painting
233729,fake
168471,biracial
168472,bedtime story
168479,medical illustrator
168481,disguised voice
168483,student protest
168485,sonogram
1160,egypt
2904,mummy
157241,criminal investigation
185861,glitch
235363,native hawaiian
6932,count
12965,duel
190327,sexual assault
1936,blackmail
65,holiday
5719,cricket
170711,toy maker
209220,live action and animation
238565,toymaker
4431,jukebox
6550,hot rod
6552,rockabilly
6553,beatnik
2231,drug dealer
919,smoking
1253,roommates
11488,pot smoking
9890,jail
10776,marijuana
54169,stoner
245597,stoner movie
12394,chainsaw
612,hotel
18035,family
10871,maverick
156166,mormon
180213,waterhole
4118,ballet dancer
417,corruption
1667,pimp
6092,army
539,middle east
2898,armor
3278,kgb
5721,engineer
4966,error
3737,dying and death
1318,blacksmith
316,chess
548,countryside
1501,allegory
2868,crusade
2679,artist
2869,juggler
2871,witch burning
2829,last judgment
2875,sense of life
5144,matter of life and death
11187,grim reaper
18071,belief in god
41406,middle ages (476-1453)
177146,meaning of life
178611,virgin mary
179870,black death
182210,playing chess
208313,death personified
209837,death incarnate
213227,life teacher
235487,metaphysical
237612,14th century
262074,seeking a god
313413,metaphysical drama
314626,"metaphysics, mysticism, kabbalah, spiritism"
318717,the virgin mary
325763,ambiguous
361486,facing death
704,adolescence
1412,becoming an adult
10809,teenage girl
163242,teenage rebellion
277218,gainsbourg
6895,philippines
177555,marriage counselor
10093,priest
189921,video nasty
6305,pollution
110,"venice, italy"
679,cyborg
972,refugee
4379,time travel
191881,research laboratory
9685,futuristic
3182,seduction
155532,fatal attraction
622,bet
3071,prince
3202,con man
3248,gigolo
10453,con artist
9813,french riviera
5828,yoga
7910,phuket
184923,yoga instructor
797,showdown
2492,bank robber
3649,holy water
6593,stripper
15363,bank robbery
18072,preacher
18233,hostage situation
41380,crucifix
163795,recreational vehicle
188711,mexican american border
211429,female stripping
227811,boa constrictor
228753,loss of faith
230905,foot fetish
240165,killer on the run
262325,brothers
286665,barefoot
319397,witty
325832,joyful
9853,paranormal
178402,modern western
1842,village life
6038,marriage
4532,son-in-law
4604,father-in-law
157154,psychotherapy
211458,road construction
225621,political debate
239302,return to birthplace
5600,daughter
900,trailer park
526,rebel
18034,desert
1680,"boston, massachusetts"
33722,true crime
176454,craigslist
187675,medical student
200234,shocking
220506,online hookup
222793,online predator
229408,whirlwind romance
248435,boston university
295809,secret
321721,charming man
343373,web of lies
343881,crimes
369908,based on true events
4178,courtesan
157894,ancient egypt
222993,pharoah
254678,14th century bc
254679,valley of the kings
478,china
5305,gambling debt
4004,cultural revolution
4355,chinese civil war
177329,shadow puppet
207883,1940s
157187,old friends
190722,reunited friends
215507,flatmates
2805,rocky mountains
4010,log cabin
18330,nature
232116,wolves
2903,propaganda
2682,"shanghai, china"
745,nun
7728,cholera
8781,foreign aid
17995,epidemic
187325,loveless marriage
207876,1920s
237770,bacteriologist
1453,amnesia
1422,boat
2676,honeymoon
9714,remake
162271,husband
830,car race
10039,racing
206467,race car crash
233981,formula one (f1)
242128,motorsport
311315,dramatic
325811,excited
6150,faith
9649,god
15160,divorce
262706,music show
14674,vaccine
158303,rabies
220873,microbe
220874,anthrax
240435,scientific experiment
229662,election day
243323,south italy
2356,immigrant
248,date
6349,bulgaria
9457,single
13043,dating
14534,relationship
171183,flirting
201490,flirtation
229197,single man
245526,bulgarian
3264,korean war (1950-53)
260251,korean army
261681,south korea
261734,north korea
290,angel
9835,sexual fantasy
10158,alien planet
11239,distant future
14660,bird attack
191144,female mercenary
229786,dream realm
234895,universal translator
273439,aliens
288198,spacesuit
187305,peplum
191146,amazon women
351641,amazon
520,"chicago, illinois"
3664,research
822,airport
1310,mentor
2411,"new orleans, louisiana"
4613,training
9309,elite
159457,security
162275,set up
171493,mentor protégé relationship
178199,contractor
202371,aggressive
232766,vengeance
255561,avenging son
285275,colombia
325839,ominous
2636,blues
14600,guitar player
163133,singer-songwriter
213106,psychedelic rock
340711,jimi hendrix
341609,''electric ladyland''
15218,special forces
156863,gi joe
282,video game
12610,unspeakable evil
18118,disguise
182794,halloween costume
221186,clumsy
249969,horror parody
323264,halloween kills
335119,spooky comedy
162716,pathologist
176016,editor
11162,miniseries
291,circus
3205,fairy tale
11691,puppetry
166472,beanstalk
166473,golden harp
179411,based on fairy tale
189099,giant
191410,ventriloquism
360973,package film
2815,graffiti
221609,berlin graffiti
332382,trainwriting
1605,new love
1649,provence
4849,exile
14604,theft
161307,"bronx, new york city"
176227,motherhood
215128,maternity
289982,regretting motherhood
444,taxi
2301,architect
13116,one man army
18522,one against many
184352,rape and revenge
266013,vigilante justice
8079,"cornwall, england"
10663,train crash
9743,stranded
11004,rural area
13008,train
14527,storm
156580,ghost story
189102,tunnel
207800,waiting room
207863,engaged couple
227379,rationing
234631,passengers
234664,ticket office
234665,train carriage
11195,empire
11196,rebellion
4271,hermit
6212,smuggling (contraband)
6089,freedom
13194,planet
33637,super power
158455,oppression
161176,space opera
178712,totalitarianism
371623,tuwaderalit
2064,overweight
4707,canoe
13141,based on manga
4402,peasant
7637,lake constance
1890,camping
5160,animal attack
10624,bully
10349,survival
14707,brutality
163841,booby trap
207678,human prey
1233,composer
157954,progressive rock
338464,american musician
340642,palladium new york
12616,dinosaur
206441,pro wrestling
6256,truth
4427,honesty
9758,deception
11411,wager
158718,lgbt
253373,soldiers
162066,rock concert
2936,artists' life
437,painter
232421,joseon dynasty (1392–1910)
4563,virtual reality
2081,department store
1891,tent
41180,security guard
189115,invisibility
233185,rollerblading
13140,niece
220707,12th century
223018,lombardy
214724,rally
235736,film director
238302,past love
4809,tiger
2043,lion
2172,zoo
3184,alligator
4392,cage
11338,wild animal
33737,snake bite
175428,adventurer
178977,jealous husband
228676,publicist
9732,film in film
33648,celebration
160488,hoodlum
161891,doppelgänger
11323,descent into madness
177695,crime spree
186795,former outlaw
190456,years of lead
207693,return home
220754,anni di piombo
259441,snitch
295702,death game
407,dictator
2398,narration
3458,bartender
11095,cruise ship
14818,model
196722,trying to impress women
196724,hollywood agent
196730,locked in bathroom
2199,opera
4001,eunuch
6384,"dresden, germany"
164920,opera singer
170310,south sea island
5783,classical music
7881,mozart
246377,music documentary
280999,history and legacy
5956,stuntman
12400,brainwashing
9390,shaolin
2251,lie
3779,air force
158620,russian revolution (1917)
240422,wonder
274115,animal transformation
1157,husband wife relationship
5733,turkey
815,soulmates
3577,snob
4948,retirement
2456,industrialist
10931,drifting
18053,divorcee
157799,older woman younger man relationship
162219,selfishness
191081,ocean voyage
196788,drifting apart
219779,fling
236520,marital crisis
239407,europe vacation
239482,wealthy couple
239483,middle aged couple
239484,kindred spirit
239485,chance reunion
6681,flu
11401,carry on
12090,cross dressing
15321,police station
171636,drag
204950,innuendo
185460,silver mine
6656,one-man show
33621,desk
195239,travelogue
233001,storyteller
342662,monologue
292,berlin wall
2340,paranoia
4372,wall
155710,rock musical
987,overweight child
11696,underage drinking
14778,urination
18005,high school friends
33603,pijamas
14857,juvenile delinquent
15158,rebellious youth
165092,british youth
175301,underage girlfriend
184345,neorealism
185232,monosyllabic
185233,non conformity
193716,kitchen sink realism
220809,young lovers
234191,runaway lovers
239841,runaway couple
345560,stolen goods
350149,motorcycle rider
1739,holocaust (shoah)
2450,auschwitz-birkenau concentration camp
12995,historical fiction
208540,war criminal
214780,courtroom drama
249462,josef mengele
252067,nazi war criminal
658,sea
6783,orphanage
3929,hope
2393,adoption
12369,"tokyo, japan"
167198,fashion show
7376,princess
196068,swordswoman
252634,outer space
14636,india
186799,girl group
992,bus
1556,texas
1806,desertion
14735,motorcycle
2957,vietnam war
2574,lunatic asylum
796,police brutality
1952,socially deprived family
1974,breakdance
2394,ghetto
5397,street riots
12425,racism
161722,housing project
173577,ethnic diversity
186355,riot police
233950,skinheads
248022,paris suburb
319922,gun death
337489,police shooting
347587,urban violence
1960,mine
179413,cooperation
7537,tudor
159845,tuberculosis
208244,16th century
220649,british monarchy
1411,brothel
5314,mill
7973,bosnian war (1992-95)
9706,anthology
221355,nature documentary
1459,marriage proposal
934,judge
1480,baseball
7578,wedding ring
9141,belt
18093,wedding ceremony
165458,police arrest
196700,wedding day
33597,tooth fairy
18001,rock band
18002,hard rock
211508,glam metal
335232,bon jovi
3640,work
828,waitress
1226,printer
5812,bad boss
5720,"dallas, texas"
14671,corporate world
33471,downsizing
163072,embezzlement
167499,software engineer
167506,burnout
172415,stapler
232700,business rivalry
357981,movie
787,mississippi river
7856,racist
10696,bootlegging
195166,life imprisonment
202760,hopeless
251667,anxious
325818,frightened
325823,harsh
4373,fraud
5496,beauty contest
7118,escaped convict
11524,in the closet
11860,fish out of water
155751,stolen identity
169977,small town sheriff
184426,ruse
194022,confidence man
249749,pretending to be gay
6779,ladies' man
170521,gynecologist
249237,interpersonal relationships
361716,vistavision
1803,drug addiction
191978,pcp
6104,computer
740,aids
1227,cemetery
1925,camera
5918,painting
1279,medicine
5641,limousine
6178,newfoundland and labrador
8126,pill
9849,beating
10338,morphine
10794,snow
11925,domestic violence
13084,king
13094,photograph
13151,drawing
14766,cafe
14784,medication
14785,underwater
14809,dead mother
41596,denial
154881,fingerprint
157213,death of mother
160846,ashes
166512,graveyard
223184,ferry
255064,pills
260872,america
272617,homosexual
275157,homosexuality
284439,blood
303303,newfoundland
309375,dying brother
315205,gay brother
316011,scrapbook
332381,graphic designer
344495,labrador
363345,gay
13160,university
155457,screwball comedy
3262,surgeon
4411,sexism
10582,television producer
155740,sex toy
160404,valentine's day
161166,misogyny
165301,opposites attract
172112,sacramento
2495,georgia
159201,baseball player
168322,baseball hall of fame
249977,lake tahoe
6564,terminal illness
12354,hong kong
2806,lapland
159700,getaway
6255,insanity
10178,stepson
1904,life planning
3675,arts and culture
3363,hypnosis
6814,ibiza
192066,roast
5301,brother
6172,zen
10902,new age
591,central intelligence agency (cia)
2020,revolution
2562,press conference
185677,extraction
185684,iran hostage crisis
185692,intelligence agent
185702,langley virginia
209817,political thriller
294348,factual
2400,juvenile prison
10211,east los angeles
10700,hood
164253,mexican american
206319,lowrider
974,bank
10594,money
12094,business
189145,executive
164698,boyfriend girlfriend relationship
10649,drug rehabilitation
1812,fbi
5901,texas ranger
5572,fistfight
10176,gun battle
159803,killing a dog
9145,dubai
3243,flying saucer
4278,invasion
9738,ufo
177321,lovers lane
214417,headlights
214418,disembodied hand
4230,carousel 
4461,postman
10163,cancer
200918,angry
325765,amused
325769,appreciative
1674,stage
1640,conservatory
2604,babysitter
5164,pianistin
8081,entrance examination
187547,older woman younger woman relationship
3269,secret mission
12371,gunfight
6579,music festival
4478,leopard
251493,big cats
46950,dagger
156835,hypnotism
191085,borgia family
3303,bedroom
2565,bath tub
10738,diner
14705,robe
14866,doorman
34268,rescue from drowning
157481,ice cream man  
167942,screaming
176788,soda jerk
182069,jumping off a bridge
182800,ice cream parlor
188960,elevator
246945,bogans
246946,dags
3365,pearl harbor
158606,pickup truck
158607,horse riding accident
158615,cattle ranch
11289,woman reporter
334,flying
2063,taskmaster
4575,comb
15126,historical
184656,wuxia
206071,bamboo
217367,tavern fight
236217,qing dynasty
324713,whimsical
627,killing
210662,cold case
235210,zodiac killer
402,clone
9833,lesbian relationship
456,mother
3700,garbage
3739,funeral
1439,flat
6184,renter
7717,evil mother
7969,messie
6215,household
11933,conflict
156195,family feud
156479,inheritance fight
189421,female corpse
1200,greece
5369,guard
14949,stick fight
187301,hercules
187304,thebes
2597,bigfoot
11220,cryptozoology
191166,punch in face
210214,sasquatch
33346,promotion
223648,submariner
236738,military fantasy
738,sexuality
6394,rocket
10484,listening device
209778,super spy
4602,stress
269394,pie in the face
269395,clothes switch
269402,undressed
544,sailboat
1321,gold
5332,greed
2082,sailing trip
3180,sailing
6956,treasure hunt
10085,betrayal
10733,sunken treasure
309270,comedy thriller
2710,fairy
155325,cartoon mouse
208705,fairy godmother
211778,baker
14641,based on memoir or autobiography
177465,attempted jailbreak
207112,murderous pair
258936,communism crimes
298592,politic terrorism
14768,single mother
161508,iconography
3394,identity crisis
11469,memory loss
169086,political satire
186815,metaphor
222165,water polo
230255,fall of communism
240237,mother son relationship
278183,psychanalyse
10159,computer animation
155030,superhero team
2583,blackout
33347,apartment building
251212,burbank
260365,christmas eve
155346,colt
160977,virginia
179585,american civil war
7172,buried alive
41586,archaeologist
156243,high priest
195396,archaeological expedition
234740,ancient religion
234743,egyptian tomb
234744,sarcophagus
234747,buried tomb
234748,burial chamber
234749,secret rites
160860,battleship
1787,"helsinki, finland"
15025,parenting
163080,finland
235636,family life
5801,nerd
6496,basketball
158192,barbershop
225840,pool party
246126,black cinema
2956,vietnam
447,post-traumatic stress disorder (ptsd)
11115,heroism
8810,laos
190458,television history
222228,cinema history
180533,japanese noir
156075,evil
177201,evil child
179564,disturbed child
190624,killer child
1991,santa claus
5570,christmas tree
7375,twin brother
10202,treason
179882,romania
277607,secret tunnel
313985,secret meeting
352434,cia
280322,larp
155762,swinging 60s
170827,sex comedy
3258,beauty
14752,potion
283085,body horror
1862,coming out
856,paraplegic
6071,middle class
33841,incest
163037,lgbt teen
189359,rat
190015,kinky sex
6293,telescope
6026,cinema on cinema
6300,puppet
10125,mad scientist
15365,held captive
195114,space adventure
222268,escape attempt
265010,hubble
269769,based on tv series
372743,sci‑fi comedy
1794,yakuza
14736,motorcycle gang
41381,rapist
162388,retribution
4543,thanksgiving
4513,blind date
155816,ex-wife
5299,war correspondent
917,journalism
5939,iraq
5894,bagdad
2367,rehabilitation
11677,secretary
40917,in-laws
173277,public relations
190090,mysterious family
530,prophecy
13072,falling in love
196682,rich man
3099,satanism
6145,right and justice
6086,government
1417,jurors
33519,courtroom
1536,religious education
165100,young love
200568,jehovah's witness
1356,pool billiards
2348,hustler
2276,talent
281585,inspirational
309426,understated
2981,homelessness
9974,obesity
170195,homeless man
2201,first time
2598,museum
11798,slumber party
4434,interview
6273,school trip
18453,gossip
33721,body-swap
155722,teen comedy
156064,homecoming
160246,childhood friends
170418,public humiliation
244382,football (soccer) player
269719,high school romance
282986,enemies to lovers
299707,enemies to friends
352496,neighbors
2687,fiancé
3582,bride
171817,groom
196712,egotism
6976,druid
12654,armageddon
157667,warlock
244896,grimoire
156486,post-punk
183830,dark wave
189443,new wave
1992,professor
4551,swamp
158126,creature feature
15012,ancient history
18431,female ninja
202491,kunoichi
6139,innocence
10059,boogeyman
323756,holiday horror
165804,peddler
169058,trade
188643,dance number
236626,adult child friendship
237921,magic bean
293964,milk cow
327626,jack and the beanstalk
356007,gigantism
6095,house
155488,black cat
161504,manor
196297,spooky house
5921,stepmother
7240,walrus
8721,arctic polar circle region
10107,sinbad / sindbad
10121,stop motion
10166,minotaur
10430,seagull
14793,wasp
18161,baboon
41599,sailor
158729,ghoul
191012,arabian nights
191414,troglodyte
234213,sword and sorcery
252696,8th century
10536,rocket crash
10537,escaped patient
10958,man hunt
158276,metamorphosis
183787,alien monster
196762,slimy monster
245733,alien organism
268000,westminster abbey
270667,cactus
276605,serious
301827,death of astronaut
302372,rocket scientist
325778,bold
11181,decapitation
10154,blob
309974,absurd
323910,sci-fi horror
904,"pennsylvania, usa"
178848,isolated farmhouse
264386,lesbian
3450,bridge
5771,seine
281079,knife thrower
306224,unconventional love
2796,self-discovery
41355,teacher student relationship
166113,marriage problems
188701,stagehand
193460,mother child separation
242829,night school
727,country music
11546,hitchhiker
164734,"nashville, tennessee"
181140,cartoon rabbit
226553,mayoral campaign
236072,mayoral candidate
278438,cartoon ant
246845,red coats
3065,minister
33699,policeman
5321,studio
6614,website
210434,thoughtful
1577,solidarity
916,"marseille, france"
1631,concentration camp
11062,impersonator
11412,female prisoner
232864,secret weapon
234777,barrage balloon
641,single parent
5904,dogsitter
11036,obsessive compulsive disorder (ocd)
14903,home invasion
155251,novelist
155795,art dealer
159317,rude
159318,obnoxious
167982,unlikely friendship
196705,hospitalization
211823,painter as artist
238424,generosity
254114,dog owner
259285,gay artist
284274,unexpected romance
297289,daily routine
309075,child with illness
337198,homophobic
210098,motogp
157266,schoolmates
185019,child neglect
186914,letter to santa claus
155449,b-girl
13042,football (soccer)
160274,angry mob
163119,injustice
177050,louis xvi
186189,hidden identity
208570,aristocracy
229272,theatrical troupe
1546,ambulance
2820,wound
6653,trumpet
10551,ballet
10877,dead body
14708,tears
33719,drink
183728,sex tape
699,love at first sight
6373,sadomasochism
12987,poverty
15048,teenage prostitute
158752,schoolgirl uniform
161893,cyclops
288474,based on webcomic or webtoon
1563,prisoner
157171,nonlinear timeline
160224,post world war ii
173490,unwanted pregnancy
206081,london blitz
739,sexual abuse
259,amputation
5360,degradation
3260,masochism
7089,dominatrix
13155,domination
14624,cruelty
157444,dismemberment
157512,mutilation
162810,macabre
201028,depravity
207515,dominance submissiveness
212423,dehumanization
278235,cannibalism
325327,aberration
325704,drill in the head
4129,widow
2075,alabama
5444,lonely hearts ad
233496,thrill kill
289985,killer couple
15174,ecology
156388,environmentalism
1013,homophobia
9766,hiv
13095,death of lover
173493,fire island
188957,virus
188973,pandemic
213852,personal trainer
224394,deadly disease
324429,romantic
1635,deaf-mute
3286,fort knox
4896,wish
10310,leprechaun
161242,irishman
11800,mockumentary
10403,green beret
340643,the pier new york
3734,ambition
11923,office politics
188950,corporation
222932,getting away with murder
258,bomb
613,new year's eve
5625,relationship problems
17926,softball
960,homeless person
7579,rich woman poor man
10329,wealth
195889,poor
303297,helping the poor
323809,depressing
325783,cliché
2076,atlanta
3490,pop star
5310,approach
637,pop
4746,record producer
4902,surprise
10986,chipmunk
33475,songwriter
167625,talking to animals
275266,cgi-live action hybrid
9503,outlaw
160799,posse
188294,damsel in distress
240476,japanese nationalist
240477,submarine crew
317204,tokusatsu
345,monk
3560,cossack
14909,alien invasion
15032,gothic horror
157144,stockings
161276,anthropologist
174638,siberia
186188,fossil
186195,pair of evil eyes
215285,crate
394,gypsy
9862,dam
11155,wolfman
10124,laboratory
162715,ruins
171247,grave robbing
228001,lycanthrope
258464,frankenstein
317949,buck rogers
11024,female soldier
284642,wojna
288217,zsrr
314659,druga wojna światowa
314660,armia rosyjska
4776,race against time
11336,young boy
13112,murderer
14724,family vacation
15370,family in peril
237369,police pursuit
237370,secluded beach
237371,valiant wife
4276,machinegun
11199,undercover cop
10950,shootout
11723,rogue cop
154782,police funeral
243371,planted evidence
1023,fire escape
9777,prison escape
155428,trolley
190629,crime wave
6678,polar bear
40931,witchcraft
312122,bushi
178634,shrunken head
192243,bible college
224393,computer programmer
1857,irish-american
360877,zombies
1691,dance
2105,garden
156623,trapeze
5767,summer camp
10686,battle of the bands
11663,camp
186120,singing competition
2992,diva
9794,toxic
13158,gasoline
14906,slave
18420,surveillance
163077,military veteran
168590,tough cop
178539,maverick cop
1821,sunday
769,falsely accused
1975,arabian
6157,prayer
6170,motherly love
155503,bookie
164496,mother figure
170652,father figure
173606,betting
208525,gambling racket
252051,abandoned child
253008,collateral
263945,blood donor
275145,race horse
277094,bookies
161757,fable
169451,cobbler
189886,garden of eden
207372,quest
5973,journey around the world
5809,marriage crisis
160329,super 8mm footage
185018,autobiographical
196307,nero
15346,old dark house
214731,atomic energy
6894,aunt
157681,strong man
8681,supreme court
11363,arson
11141,debate
12541,misunderstanding
33608,gardener
161231,hideout
210604,criminal law
3379,diamond mine
9902,wildlife
18165,animals
191439,allan quatermain
5829,"nova scotia, canada"
158142,real estate agent
161043,suicidal thoughts
222311,islanders
14557,undressing
240119,father son relationship
2335,southern france
2560,paparazzi
6001,speech
185242,western filmmaking
244984,pool
157286,gold digger
173242,modeling
312677,existential crisis
2655,group therapy
5707,childhood trauma
6483,ice hockey
10352,phobia
13073,fear
14601,explosion
40952,therapy
160059,psychosis
180668,homicide detective
206850,canuxploitation
289584,hockey
326199,woman in a bathtub
3199,clown
1491,entertainer
15291,on the road
955,plutonium
4694,staged death
1618,radiation
2493,oklahoma
3275,nuclear radiation
6987,idealism
9031,idealist
156210,labor organizer
204017,suspicious death
209799,whistleblower
214744,worker's rights
288302,fighting the system
321716,chemical poisoning
338563,radiation exposure
340549,assassinated
365614,illegal waste disposal
5606,gang leader
11527,rape victim
33426,gang member
1909,coffin
15087,iraq war
41177,weapon of mass destruction
41178,baghdad
41179,iraqi 
240583,near east
41328,whistle
199391,pimps
262757,地球光
207046,murder mystery
210184,1910s
232687,serious accident
259969,male executive
1441,christmas party
306070,office party
5540,heavy metal
10874,thrash metal
41585,traveling circus
