movie_id,genre_id
42052,18
52968,35
16059,18
16059,35
16059,10749
78510,18
78510,10749
46525,12
46525,18
56067,18
56067,10751
38225,12
38225,35
38225,10751
48034,35
48034,18
43861,18
36701,10402
79836,10749
79836,35
79836,18
50066,18
50066,10749
61862,12
62029,35
81153,28
61779,80
61779,53
61779,10770
10416,35
10416,18
10416,10749
10416,878
74759,53
74759,18
57837,10770
57837,35
57837,99
40263,28
54662,18
54662,14
54662,10749
80076,18
11250,35
42369,18
42369,10770
75364,18
75364,14
83728,18
83728,36
67591,16
36906,16
43636,28
43636,14
43636,53
43636,12
43636,878
7290,35
7290,878
7290,28
42728,35
42728,10749
88909,28
5523,18
5523,53
5523,10770
62017,99
42789,35
7551,28
7551,53
7551,878
36875,18
36875,10749
9603,35
9603,10749
6480,18
6480,53
63707,36
63707,18
63707,10770
15980,27
15980,9648
44609,99
44609,10402
27853,27
27853,878
13828,28
13828,27
44426,53
4497,18
59571,18
59571,53
59571,36
21946,53
84915,53
94999,80
94999,18
27374,27
27374,53
6524,35
24478,10751
24478,35
13927,16
13927,10751
53815,27
4809,35
4809,18
28367,14
28367,10751
28367,10402
28367,35
35200,37
35200,12
58055,18
509,10749
509,35
31232,27
21348,14
21348,12
21348,16
21348,10751
9401,35
9401,80
9401,53
23654,35
23654,80
3305,99
3305,878
3305,27
20915,35
20915,10749
12613,16
12613,28
13276,28
13276,53
13276,27
4982,18
4982,80
36628,10749
36628,35
36628,27
54197,18
54197,10749
54197,80
54197,53
75930,28
75930,12
75930,14
75930,53
40406,10402
40406,99
73745,10402
39092,16
10877,28
10877,80
10877,53
62657,35
23245,10402
23245,18
23245,10749
60066,18
79144,18
92141,14
53410,35
91523,16
91523,35
42149,27
42149,53
40096,35
40096,18
40096,14
40096,10749
94515,18
94515,10749
94515,27
85533,99
69652,10749
53983,53
90985,28
90985,27
90985,53
18505,27
18505,35
67733,10751
1552,35
1552,18
75804,18
75804,10749
41647,99
67295,18
73075,35
53040,99
53040,36
69121,27
69121,878
64566,18
85651,18
85651,28
61880,28
61880,18
61880,10752
16622,16
29785,99
56085,28
56085,35
43033,28
43033,12
43033,14
60640,35
60640,99
42234,35
42234,18
42234,14
42234,10749
52855,18
52855,80
42990,35
46130,35
46130,18
44415,18
44415,10751
65627,99
10364,10752
10364,35
86455,99
64288,99
41806,35
41806,18
41806,10752
76716,18
53599,35
84619,10749
73580,35
73580,53
73580,9648
73580,10770
46523,28
46523,35
12661,35
12661,80
16875,35
69004,28
69542,35
69542,10749
69542,10770
78328,16
78328,10751
83731,99
83731,10402
22734,12
22734,18
57264,35
57264,53
44399,18
44399,10749
76926,80
76926,53
76926,10770
90283,18
28608,12
28608,10749
28608,35
14871,10402
14871,10749
14871,18
14871,35
25177,99
4948,18
40343,27
40343,53
56084,53
56084,18
56084,28
63797,12
63797,18
63797,10751
12633,18
12633,53
18647,37
18647,18
90580,36
90580,99
29998,53
29998,27
9527,35
64752,18
14624,10749
14624,18
14624,10751
64928,35
64928,80
64928,10402
64928,10749
66924,18
66924,80
5171,35
5171,18
99530,27
870,18
870,10749
71555,18
71555,53
49480,18
49480,10749
61639,35
51707,99
51707,80
58216,18
58395,10402
58395,99
69434,18
69434,28
14029,27
80249,28
80249,35
33221,12
33221,18
33221,10751
33221,14
33221,37
29233,16
29233,10751
90532,18
3563,35
3563,10749
35913,18
35913,28
35913,53
35913,80
46405,18
46405,27
46405,10749
28506,53
28506,878
52407,27
46768,18
57002,18
57002,10749
68682,18
68682,35
68682,10749
99521,18
99521,878
73885,35
19663,35
19663,18
19663,10749
78069,35
78069,10749
32115,35
54249,35
98255,80
98255,18
17725,35
32647,99
51615,28
51615,35
51615,9648
22426,28
22426,53
63907,28
63907,53
70569,99
75172,99
84091,16
84091,10751
70308,18
70308,35
70308,10749
62819,80
62819,18
34421,28
34421,18
34421,80
58141,35
8400,99
97888,35
16328,10752
16328,18
61796,35
61796,10402
41727,18
7980,14
7980,18
16890,10749
16890,18
16890,10402
76937,18
76937,14
68655,18
68655,35
68655,10749
2234,18
18009,35
18009,27
50538,27
50538,9648
50538,53
541,18
541,80
13124,28
13124,12
54283,12
54283,28
54283,18
15770,28
15770,53
52631,27
48537,18
48537,10749
58938,27
38280,35
38280,18
56974,35
56974,10749
53772,18
53772,35
53772,10749
36760,18
36760,53
36760,80
54986,18
54986,10749
78772,10749
78772,18
78772,36
29078,18
5624,80
5624,9648
2687,878
2687,35
2687,10749
2687,53
50835,18
50835,53
55778,10751
55778,10402
52806,10751
52806,12
52806,14
52806,35
34167,35
34167,18
66660,99
20544,10770
20544,18
28345,18
28345,10751
28345,10402
61798,10749
61798,35
73932,35
73932,10402
45877,9648
45877,53
77346,35
57115,53
57115,27
57115,80
75733,18
75733,10749
75733,36
54599,35
54599,10751
65710,35
65710,18
99855,99
99855,27
99855,9648
5800,35
77826,35
77826,16
48868,16
54301,35
54301,99
27844,27
96243,53
96243,18
87300,10751
87300,14
51507,18
51507,53
24189,18
82409,18
48905,35
77052,12
77052,10751
87381,18
87381,80
87381,53
13439,18
13439,36
87125,27
53642,35
25913,10751
25913,16
25913,12
5857,53
5857,27
5857,9648
35397,16
35397,10752
36465,18
36465,36
36465,10770
91843,10402
81322,10752
81322,28
66177,35
67750,35
67750,18
67750,27
67750,9648
67750,53
87593,99
85429,18
85429,35
36874,18
10151,18
64141,35
64141,10749
75390,10749
75390,35
75390,36
20758,35
20758,10749
20758,18
64898,35
4527,80
81460,28
81460,18
81460,10749
44151,12
44151,36
44151,28
44151,18
33910,53
33910,27
45068,35
82857,18
82857,14
31985,14
31985,28
31985,878
31985,10770
47174,35
47174,10402
47174,10749
63891,18
63891,10749
27017,10402
27017,10749
27017,10752
26843,36
26843,10752
26843,18
69979,35
69979,10749
8833,28
8833,35
81824,18
81824,10749
27608,14
27608,27
52913,35
52913,80
57044,10402
53833,35
53833,10749
75040,18
75040,9648
75040,10749
80471,18
46968,18
46968,53
46968,27
46968,10770
30525,28
30525,878
33578,99
17591,18
17591,36
17591,10752
83293,35
83293,14
83293,10402
37907,35
43061,99
69479,35
69479,18
62400,18
62400,36
71097,10749
71097,18
93456,16
93456,35
93456,10751
54973,35
54973,10749
37956,18
71868,27
97164,18
97164,35
46852,16
46852,35
46852,12
8464,27
8464,35
8464,878
45392,878
45392,28
45392,35
45392,16
38836,27
70060,10749
70060,35
61201,18
61201,10770
49766,16
49766,10751
49766,10770
49766,99
27451,18
12434,28
12434,53
94830,18
23903,16
23903,10751
58678,53
33989,35
25063,18
100,35
100,80
54588,18
54588,14
54588,10770
56166,18
56166,35
68361,99
81310,10751
81310,16
81310,10402
84281,18
84281,35
84281,10749
49529,28
49529,12
49529,878
5992,35
71874,10402
71874,99
40205,14
40205,18
40205,10751
20085,35
20085,10749
20085,10770
63900,16
63900,10751
69550,18
69550,53
39946,18
91870,99
77902,80
77902,53
24973,36
24973,18
47601,99
52828,99
64810,878
64810,28
68405,12
80327,18
39538,18
39538,53
39538,878
97399,99
97399,10402
94820,16
94820,12
94820,10751
94820,14
94820,18
13016,99
13016,36
15003,28
15003,80
81342,18
81342,35
81342,10749
1717,18
1717,53
12900,36
12900,18
12900,10752
12900,10770
34943,80
34943,18
34943,27
61761,99
25492,35
77714,99
86665,35
86665,27
56664,16
71510,99
91520,35
91520,18
67843,18
67843,36
68089,37
36618,35
36618,53
46819,35
287,35
287,10749
76392,28
76392,80
76392,10770
13528,53
13528,18
13528,9648
13528,80
12576,18
12576,27
12576,53
12576,10752
74010,35
74010,18
48426,35
48426,10749
48426,18
43183,878
43183,35
35789,35
35789,10749
85231,9648
85231,35
63859,35
63859,10751
63859,14
63859,10402
95801,18
4415,80
4415,18
4415,36
4415,10749
2517,18
20630,99
32238,53
32238,28
32238,80
49759,18
49759,35
63585,18
63585,53
63585,9648
15720,18
15720,10749
51197,18
64259,28
64259,53
62688,35
62688,28
10812,18
10812,10751
10812,10770
10812,12
32430,18
32430,35
55010,10402
55010,99
67790,16
67790,35
2675,53
2675,878
2675,27
4703,35
4703,18
4703,10749
88737,28
88737,18
57869,16
57869,35
57869,14
57869,28
57869,12
57869,10751
93712,16
93712,35
84394,18
84394,28
84394,53
63754,18
63754,35
31463,27
31463,878
31463,53
46681,37
44515,35
91653,12
91653,16
91653,10751
5728,18
40355,28
40355,27
75621,18
75621,10751
14666,35
68001,99
506,53
506,9648
506,10749
31193,35
31193,18
32195,10770
32195,12
32195,35
32195,10749
2411,18
8425,53
8425,18
8425,80
12268,35
12268,80
13428,35
13428,80
13428,53
58056,35
58056,10749
9548,35
9548,80
9548,9648
9548,28
86962,27
86962,10749
68117,27
68117,53
23273,35
23411,10770
23411,28
23411,18
23411,53
58275,99
52298,99
67742,27
94555,10749
94555,35
67296,35
67296,10749
70567,99
28256,35
28256,9648
28256,80
2189,35
2189,10749
17917,18
17917,10751
76489,35
21013,28
21013,35
21013,878
91342,16
91342,10751
62949,10402
74312,18
59058,35
59058,18
26465,99
26465,10402
50594,16
61197,35
61197,27
61197,878
78755,18
78755,35
78755,10749
36325,99
8460,28
8460,53
69048,18
69048,53
88112,10749
88112,878
48394,35
98134,18
98134,28
98134,10770
98134,80
98134,53
87799,10402
87799,35
42336,16
42336,28
42336,10751
16846,27
16846,35
31591,37
31591,18
26116,28
26116,53
26116,18
78447,35
27566,27
11327,18
11327,80
3122,27
3122,878
21766,27
21766,9648
33945,35
91219,53
91219,27
26423,18
41546,28
41546,35
41546,878
41546,10749
99387,18
36721,99
80985,878
80985,37
80985,35
16653,35
16653,18
16653,10751
16653,10749
4489,18
55754,35
71625,10402
18032,12
18032,14
18032,10749
14617,18
14617,10770
14617,10749
55871,28
55871,12
9799,28
9799,80
9799,53
34533,53
34533,878
19151,18
19151,35
19151,10749
90059,27
90059,878
32901,99
64725,27
64725,9648
64725,53
5855,10402
5855,18
81938,80
46857,18
90120,27
29789,27
26676,27
67885,99
67885,18
65898,18
39341,27
39341,35
28951,35
28951,27
50774,14
50774,10751
61435,35
61435,18
32513,35
32513,10749
45136,18
45136,10751
62574,35
62574,53
91921,99
95271,10402
28183,27
36727,35
25028,27
25028,28
25028,53
15470,35
15470,18
15470,10749
32823,12
32823,35
32823,10402
75126,10402
75126,35
53392,35
59302,99
59302,18
96901,12
96901,10770
96901,18
21867,18
21867,10749
21867,36
93699,80
93699,27
83088,28
83088,16
83088,14
71102,27
62672,10402
62672,99
17995,35
17995,99
34672,10751
34672,35
42411,9648
42411,53
34527,9648
34527,80
34527,18
34527,53
71273,10402
83796,16
83796,35
43862,10402
43862,18
43862,10749
52700,28
52700,37
39384,10749
11342,27
11342,14
11342,28
79468,28
79468,12
79468,80
79468,53
97822,35
1586,9648
1586,53
56750,35
56750,10751
38714,18
57592,16
57592,10751
32546,18
12406,53
11224,10751
11224,14
11224,16
11224,10749
9629,12
9629,37
9629,28
25050,18
25050,10751
67660,35
67660,10749
92427,35
56153,35
55222,99
69370,53
69370,10770
42774,53
1862,18
1862,53
1862,10770
56747,35
56747,10751
80816,99
13635,18
13635,28
13635,53
13635,80
63635,28
63635,18
72483,18
73874,18
73874,35
73874,10749
45411,18
45411,35
45411,10749
43993,35
10691,18
10691,10749
32047,18
32047,53
32047,80
66115,35
66115,10749
47463,16
47463,35
51593,35
51593,18
51593,10751
51593,10770
38428,18
38428,36
58665,10751
58665,18
24638,35
78550,37
57743,80
57743,18
57743,53
51582,18
51582,10749
50580,10751
50580,12
50580,14
6416,35
6416,18
71725,18
71725,10749
71725,35
61159,10402
13043,35
4541,35
4541,80
19463,35
19463,14
4286,18
4286,10749
47845,35
34536,35
72366,18
27172,37
40067,28
53585,35
6473,28
6473,12
6473,53
39919,80
39919,27
39919,53
57092,35
57092,18
74596,35
44422,16
47206,18
21832,16
21832,18
21832,878
76482,10752
76482,36
76482,18
28219,18
50004,18
50004,36
50004,53
29917,53
29917,9648
84644,80
81746,18
70230,35
70230,10751
70230,10402
70230,10749
206,18
53289,12
53289,18
53289,28
53289,10751
28522,27
21596,18
21596,35
21596,878
21596,10749
83235,18
83235,35
83235,10402
31355,18
73119,18
25310,10751
25310,16
80655,27
80655,9648
16305,35
16305,10749
16305,12
72138,99
80907,35
25290,53
25290,18
25290,10749
50687,28
50687,27
50687,9648
85166,27
85166,53
71662,10749
71662,35
71662,18
83003,18
33793,99
33793,10402
82420,99
41132,18
41132,36
41132,10770
68745,37
68745,10770
10184,35
10184,10749
10184,18
20762,28
20762,80
20762,18
20762,53
64623,53
64623,27
64623,80
86037,35
37838,18
20903,10402
56007,35
56007,10749
73741,35
45485,99
3524,18
3524,36
57958,18
57958,10749
69463,35
29770,27
41121,18
25512,18
25512,10749
43008,37
27371,878
27371,27
99734,18
73646,53
73646,10770
52741,35
52741,18
52741,10749
6202,53
72040,35
29697,18
70621,10402
70621,10751
20310,35
20310,10751
20310,10749
20310,10770
50270,18
49399,35
55094,35
55094,18
57806,18
57806,10749
56108,80
98404,12
98404,18
98404,10752
82245,18
82245,9648
74621,16
74621,28
74621,12
74621,878
22164,28
22164,80
22164,53
22164,18
83284,18
25012,28
25012,878
25012,10770
30924,35
30924,27
41355,99
41355,10752
50865,35
87219,16
9050,14
9050,28
9050,35
44977,28
44977,80
25004,18
25004,53
80793,28
80793,12
80793,878
49301,35
18704,18
18704,10749
26525,35
65439,80
65439,18
65439,53
65439,9648
94356,35
63372,28
63372,14
13375,18
13375,35
54502,99
32643,14
32643,12
32643,35
32643,10751
61837,53
61837,10770
9751,99
16992,18
16992,10749
6793,18
6793,9648
6793,80
6793,27
60670,80
60670,9648
60670,53
78023,12
78023,10751
30467,35
81970,10402
35115,12
35115,10751
35115,37
48644,28
48644,35
48644,10749
70267,9648
70267,53
69355,10751
69355,12
26893,18
20445,80
20445,18
20445,53
13058,80
13058,18
69719,53
69719,10770
65996,18
65996,53
23077,35
2644,28
2644,35
92682,10751
92682,35
92682,10770
92682,10749
72587,10770
72587,80
72587,9648
72587,53
8948,18
8948,10751
74346,18
42334,35
85852,80
85852,10402
85852,18
13397,16
13397,10751
13397,10770
13397,14
73191,14
73191,10402
73191,10751
48616,27
20949,878
20949,10751
20949,12
20949,35
44497,10749
44497,35
50839,53
50839,18
97140,53
58955,27
1994,53
1994,12
1994,27
1994,28
24859,10402
59418,18
59418,35
59418,10749
71235,16
71235,10751
90677,36
90677,28
90677,18
90677,10752
96769,35
96769,99
96769,18
86274,10402
86274,35
47498,18
47498,10749
80299,18
80299,80
84029,10402
84029,99
36846,28
20556,99
20556,10402
45465,53
45465,35
45465,80
16866,16
16866,10751
16866,35
16866,878
16866,12
30964,53
30964,80
30964,18
70393,18
70393,10751
70393,10770
25763,28
25763,12
25763,878
9792,27
9792,53
67094,10402
67094,99
35636,35
35636,12
35636,10751
54824,16
74953,14
74953,27
74953,10402
74953,18
15356,53
15356,80
15356,18
15356,27
37376,18
37376,35
37376,27
37376,10770
43197,36
43197,37
43197,10752
16275,35
16275,10770
13956,12
13956,16
13956,10751
21765,35
21765,10751
21765,878
73705,35
84135,27
84135,9648
52462,18
52462,53
55647,28
55647,18
45974,16
45974,10751
45974,10770
45974,12
20105,80
20105,18
20105,28
20105,36
15645,28
15645,878
19548,35
99704,28
99704,18
99374,35
23073,28
23073,878
91865,28
91865,12
91865,18
30669,53
30669,18
18299,35
18299,10749
89597,10402
61668,18
21200,18
21200,10749
54269,28
54269,35
54269,18
54269,10752
54269,36
40689,99
40689,10402
58777,18
133,99
41080,35
41080,10749
81774,35
81774,18
10887,99
50793,99
77352,99
29925,27
74723,35
74723,10751
73282,99
61759,99
61759,10770
47634,28
47634,80
47634,18
47634,53
64672,35
61652,35
61652,10749
91733,27
47633,9648
8665,18
8665,36
8665,53
8665,9648
8665,10752
11068,10749
11068,35
11068,18
62214,16
62214,35
62214,10751
97232,18
97232,10751
66279,18
66279,10751
66279,28
17990,18
17990,35
17990,10402
17990,10749
29478,18
29478,10749
45379,28
45379,35
45379,10749
71444,878
71444,28
71444,16
94241,10752
94241,18
94241,12
89337,27
89337,53
89337,10770
38591,99
11201,35
11201,10770
83436,10749
66978,28
96126,37
73158,80
73158,53
73158,9648
70148,35
70148,10749
43770,35
43770,18
14266,99
16318,35
16318,10749
99177,10749
99177,35
39455,18
39455,9648
33734,10402
33734,10749
33734,35
62044,35
44038,99
28304,18
28304,37
11490,18
44118,18
44118,10749
62234,18
73083,53
97272,35
57061,27
44205,10749
44205,10752
33086,35
33086,80
24356,18
24356,10402
34999,99
33947,35
33947,10752
676,10752
676,10749
676,36
676,28
27089,28
27089,18
27089,10749
45623,99
10853,35
78860,18
14369,35
79043,18
79043,10749
79043,9648
79043,14
88863,18
88863,53
88863,80
57109,28
46594,18
63092,18
63092,10770
31318,53
31318,18
67945,35
10140,12
10140,10751
10140,14
12775,12
12775,18
11216,18
11216,10749
2896,80
2896,18
2896,28
65981,18
39350,12
39350,99
67988,27
67988,28
67988,35
59833,80
59833,18
37220,10402
4256,35
97630,53
97630,18
67552,35
67552,18
26852,10752
26852,18
26852,36
52306,35
23452,28
23452,878
23452,16
23452,12
10444,80
10444,9648
73523,18
73523,10770
69495,10770
69495,28
69495,37
7548,18
7548,10749
33842,53
67035,99
67035,10402
73953,18
73953,10749
54234,10402
62132,27
62132,35
79929,35
9437,53
9437,80
9437,9648
9437,18
13737,35
13737,10749
10751,28
10751,35
10751,80
10751,53
85430,35
85430,10749
28816,99
28816,16
28816,36
28816,10752
51656,37
62561,99
55608,18
55608,10752
38116,35
64870,35
64870,10751
64870,878
91702,18
42829,10749
11837,12
11837,16
11837,18
31478,10402
70555,12
70555,18
70555,10749
28704,35
28704,18
39232,35
33813,80
33813,18
33813,53
25198,35
25198,10751
25198,14
40548,35
48350,27
65653,10402
44945,80
44945,18
44945,53
72524,18
24795,35
24795,10751
24795,14
45718,18
45718,53
55471,35
55471,18
64033,12
64033,35
11306,18
11306,53
11589,12
11589,35
11589,10752
20029,35
20029,27
44660,99
54493,27
40437,10402
6984,35
30518,35
45082,99
45082,35
53817,18
91556,10749
91556,18
38461,80
38461,9648
38461,53
41268,28
41268,53
86389,99
86389,10402
31547,35
40978,18
40978,10749
73448,18
76037,35
76037,10751
76037,10770
86235,9648
86235,878
81548,99
97192,99
43672,28
43672,18
52520,14
52520,28
52520,27
5973,18
5973,10770
41243,35
41243,10749
41243,878
2216,10752
2216,18
71670,27
68265,28
68265,18
31590,35
31590,80
31590,18
31590,9648
12534,35
12534,37
96683,35
85374,18
29768,27
30639,9648
62978,18
62978,35
28831,27
68648,99
58785,10751
58785,35
44854,14
44854,28
44854,12
37218,10752
37218,18
37218,10749
37218,28
75515,35
75515,37
76144,12
76144,80
72562,35
92,99
28375,10402
28375,10751
7987,35
7987,53
7987,18
78390,35
15310,18
15310,10402
15310,10749
26977,35
26977,18
27720,27
27720,53
27720,18
63052,35
63052,99
1838,18
84591,16
84591,35
84591,878
69583,18
69583,28
69583,35
62977,36
62977,18
62977,28
62977,10752
68448,16
68448,27
95977,37
15418,18
15418,27
15418,53
57639,16
90800,10402
17452,12
17452,18
17452,10751
50269,14
50269,18
50269,35
50269,80
50269,53
72616,18
61613,18
61613,27
61613,53
2325,10752
2325,18
85799,16
67602,16
67602,35
20333,10770
20333,28
20333,37
21571,18
21571,35
21571,80
21571,53
43215,10751
43215,16
43215,35
52376,27
52144,18
65163,28
65163,53
65163,27
83721,18
83721,9648
46849,18
46849,10751
99889,35
60228,35
60228,18
36228,18
36228,27
36228,10749
36228,14
53769,12
53769,10749
53769,80
69223,10402
65922,35
65922,18
12099,18
56172,28
56172,878
46341,35
95472,10402
