movie_id,keyword_id
42052,970
42052,178475
42052,187056
42052,198522
52968,9716
16059,6280
16059,2470
16059,15136
46525,801
46525,10685
46525,128
46525,5968
46525,9714
46525,10349
46525,9743
46525,10787
46525,12617
46525,158904
46525,189411
46525,275061
56067,6054
56067,6335
56067,15162
56067,158416
56067,208152
56067,233772
38225,1994
38225,5301
38225,1890
38225,3184
38225,1981
38225,3593
38225,5565
38225,18165
38225,182662
38225,208992
48034,970
48034,1422
48034,1655
48034,14886
48034,34145
48034,40842
48034,47018
48034,155939
48034,166120
48034,166121
48034,166124
48034,166125
48034,166126
48034,166129
48034,166132
48034,166139
43861,5149
43861,10909
43861,33457
43861,33519
43861,186189
43861,207240
43861,234192
43861,236227
43861,240236
43861,248288
43861,299588
43861,335769
43861,336744
43861,338153
43861,343373
36701,4307
36701,9926
36701,178959
50066,154855
50066,154856
50066,268006
61779,9826
61779,15167
61779,158927
61779,170212
10416,6935
10416,4862
10416,9951
10416,168550
10416,237186
10416,267160
74759,15106
74759,155451
57837,6029
57837,11192
54662,41216
54662,156597
11250,13027
11250,187056
42369,530
42369,5415
42369,194063
42369,263548
75364,160175
83728,697
83728,5933
83728,5565
83728,13028
83728,41599
83728,158718
83728,158965
83728,158967
83728,340395
67591,263548
43636,779
43636,780
43636,9715
43636,4728
7290,840
7290,402
7290,2051
7290,9951
7290,11931
7290,12185
7290,155751
7290,163589
7290,252104
42728,242
42728,295
88909,345
88909,14941
88909,14985
88909,17977
88909,156159
88909,156162
88909,170212
5523,380
5523,697
5523,5923
42789,5349
42789,1524
42789,966
42789,6075
42789,1668
7551,563
7551,1576
7551,1812
7551,1627
7551,2411
7551,4379
7551,3417
7551,13015
7551,14780
7551,186760
7551,223184
36875,155477
36875,190370
9603,1525
9603,6270
9603,818
9603,6664
9603,7208
9603,10683
9603,10132
9603,11933
9603,13027
9603,18005
9603,34130
9603,187056
9603,233617
9603,248025
9603,258533
9603,323909
9603,325782
6480,733
6480,4378
6480,5638
63707,5565
63707,9672
63707,11122
63707,34094
63707,159289
63707,160832
13828,818
4497,818
4497,745
4497,6150
4497,2251
4497,6464
4497,6563
4497,7140
4497,11004
4497,12999
4497,13014
4497,33720
4497,34124
4497,165470
4497,165492
4497,210107
4497,321464
59571,9672
59571,12346
59571,182058
59571,208289
59571,208630
59571,215036
59571,220362
21946,5340
21946,10714
94999,2426
94999,2492
94999,9833
94999,10053
94999,180085
94999,180825
94999,190370
27374,5657
27374,793
27374,6152
27374,11627
27374,3363
27374,34079
27374,162846
27374,163053
27374,163186
27374,207082
27374,210458
27374,214710
27374,276164
27374,283800
27374,302933
27374,308412
27374,329420
27374,370950
6524,8201
6524,9755
6524,10508
6524,10329
6524,11411
6524,12670
6524,165299
6524,177927
6524,184950
6524,220314
6524,266853
6524,322268
24478,8874
24478,15162
13927,1009
13927,263548
53815,190370
4809,10508
4809,33813
4809,195541
28367,4175
28367,361675
35200,818
35200,957
35200,10322
35200,9748
35200,11933
35200,155573
35200,173455
35200,179060
35200,188154
35200,348419
58055,5565
58055,187056
509,1605
509,212
509,817
509,1253
509,2562
509,2560
509,4434
509,9799
509,5732
509,10232
509,13072
509,155939
509,157380
509,160404
509,162262
509,180787
509,184793
509,191260
509,196958
509,220314
509,238006
509,274951
509,284274
509,295959
509,305033
509,313508
509,318336
509,331552
509,337333
31232,2598
31232,3901
31232,10541
31232,198181
31232,244967
21348,193749
21348,196964
21348,220940
21348,273251
21348,273252
21348,273257
21348,317819
21348,373272
9401,782
9401,931
9401,2708
9401,1419
9401,1562
9401,703
9401,2150
9401,9826
9401,11454
9401,11258
9401,12670
9401,14601
9401,41379
12613,779
12613,10076
12613,41645
12613,207826
12613,290713
13276,358003
13276,358004
4982,242
4982,2956
4982,3391
4982,3679
4982,3149
4982,2149
4982,2671
4982,2375
4982,2394
4982,2334
4982,3734
4982,6974
4982,8015
4982,10291
4982,11733
4982,11734
4982,13027
4982,15167
4982,18035
4982,18420
4982,159937
4982,163081
4982,179430
4982,193305
4982,208992
4982,293649
4982,312898
4982,314730
4982,321464
4982,325779
36628,11855
36628,4252
36628,5490
36628,9673
36628,15001
54197,2348
54197,8015
54197,9826
54197,11199
54197,11722
54197,14782
54197,161982
54197,163586
54197,239239
54197,258533
75930,168468
75930,238411
75930,239200
75930,270799
40406,5321
40406,2636
40406,159944
40406,175506
73745,6029
73745,11634
39092,263548
10877,417
10877,6149
10877,4918
10877,3692
23245,3071
60066,650
60066,5565
92141,380
92141,1886
92141,2426
92141,9706
92141,11531
92141,238355
53410,9253
53410,12999
53410,154802
53410,263548
42149,9826
42149,166862
42149,178259
42149,184924
42149,316790
40096,10181
94515,1930
94515,159551
94515,159595
94515,222334
85533,549
85533,534
85533,3434
85533,13059
85533,156053
18505,2522
18505,223059
1552,970
1552,1158
1552,10041
1552,10235
1552,15025
1552,213861
75804,236
75804,1463
75804,10181
75804,154802
75804,188014
75804,215678
75804,225688
75804,238631
75804,285017
41647,2652
41647,2903
41647,2936
67295,167043
64566,187056
85651,2394
85651,10683
85651,10726
85651,14964
85651,194451
61880,2106
61880,1480
61880,2531
61880,3366
61880,160377
61880,361716
16622,207928
16622,263548
16622,280923
29785,392
29785,1740
29785,6344
29785,281659
56085,703
56085,10123
43033,2857
43033,1938
43033,1964
43033,10468
43033,12554
43033,15162
43033,176062
43033,179780
43033,187305
43033,192913
43033,222448
43033,224020
42234,3392
42234,162846
44415,15162
10364,236
10364,2041
10364,818
10364,1755
10364,1956
10364,2532
10364,8201
10364,4595
10364,3603
10364,13065
10364,14638
10364,33564
10364,162365
10364,165431
10364,188765
10364,193744
10364,207883
10364,208189
10364,212912
10364,226190
10364,230333
10364,234492
10364,250074
10364,258200
10364,339237
10364,353914
10364,361592
64288,3664
64288,4459
64288,175322
64288,233717
64288,241317
64288,251349
64288,307690
64288,340321
64288,340322
76716,1339
76716,4995
76716,33476
76716,218099
84619,9835
84619,155691
84619,181046
84619,280268
84619,307280
84619,332084
46523,33457
46523,156052
12661,1009
12661,2587
12661,2411
12661,6876
12661,6163
12661,9750
12661,33705
16875,288660
69542,6075
69542,13005
22734,1196
22734,183225
22734,220975
44399,734
44399,7965
28608,216079
14871,520
14871,2796
14871,2334
14871,9840
14871,163210
14871,191731
14871,207008
14871,207999
14871,219923
14871,321432
14871,337472
14871,340731
14871,363236
14871,371838
14871,371839
25177,6075
40343,570
40343,793
40343,9748
40343,9826
40343,10726
40343,14903
40343,18087
40343,33780
40343,168192
40343,184352
40343,196759
40343,206850
40343,238057
40343,238752
40343,250227
56084,1160
56084,3037
56084,5265
56084,5598
56084,18035
56084,170865
56084,195908
56084,312168
83051,296608
93208,33998
12633,6145
12633,1157
12633,934
12633,2708
12633,2908
12633,3045
12633,10714
12633,12670
12633,33424
12633,188775
12633,190629
12633,266753
12633,321464
12633,325774
12633,325816
12633,325823
18647,1321
18647,502
18647,186831
18647,207928
90580,6075
29998,2795
29998,9807
29998,12999
29998,34145
29998,155750
29998,163186
29998,166869
29998,171987
29998,237370
29998,308202
29998,309479
29998,311710
29998,321721
29998,322008
29998,344754
29998,349079
9527,1781
74478,190370
74478,238355
14624,1158
14624,8097
14624,10329
14624,10163
14624,10911
14624,14768
14624,156479
14624,184238
14624,196960
14624,223019
14624,240315
14624,350271
64928,3149
64928,12390
66924,586
66924,818
66924,3458
66924,18453
66924,187056
66924,207268
5171,514
5171,380
5171,5827
5171,2628
5171,5864
5171,156195
5171,156479
5171,187056
5171,225219
5171,278696
5171,278697
5171,300502
5171,325832
870,1605
870,233
870,802
870,978
870,3490
870,1252
870,1501
870,1794
870,4341
870,9826
870,171366
870,207662
870,247733
51707,187056
58216,173186
14029,220
14029,10292
14029,15001
14029,274951
14029,312898
14029,325809
33221,14985
33221,180230
33221,299594
29233,15101
29233,155325
29233,159075
29233,318533
3563,1862
3563,242
3563,641
3563,1013
3563,4373
3563,9457
3563,15130
3563,163603
3563,192094
3563,194226
3563,215200
3563,249749
3563,258533
3563,262227
35913,582
35913,8440
35913,9807
35913,9880
35913,11034
37250,190370
37250,263548
52407,250461
46768,131
46768,3098
46768,9826
46768,208244
57002,187056
57002,344229
19663,6054
19663,33556
19663,192966
32115,11401
32115,12999
54249,154802
54249,186780
54249,187056
54249,197229
54249,325819
98255,5419
98255,197618
45637,6075
51615,14636
22426,8570
63907,6687
63907,41599
63907,156121
63907,158022
63907,249794
75172,5349
70308,701
70308,1900
8400,3737
8400,740
8400,409
8400,1647
8400,7404
8400,10508
8400,13014
8400,18035
8400,211269
16328,1741
16328,1706
16328,259
16328,2504
16328,1635
16328,1643
16328,11106
16328,4595
16328,10392
16328,10814
16328,161288
16328,165431
61796,4344
7980,570
7980,818
7980,6155
7980,697
7980,3352
7980,1228
7980,4232
7980,10714
7980,13092
7980,14576
7980,18425
7980,172291
7980,184988
7980,246466
82491,158713
16890,242
16890,953
16890,1879
16890,4504
16890,5524
16890,9856
16890,10452
16890,9957
16890,11953
16890,187056
16890,208998
16890,215015
16890,286239
16890,287439
16890,323211
76937,65
2234,2652
2234,6162
2234,6417
2234,6418
18009,9663
18009,10310
18009,12339
541,378
541,2231
541,1001
541,1416
541,383
541,1335
541,395
541,6255
541,2375
541,2695
541,2619
541,2367
541,2564
541,2694
541,2696
13124,779
13124,3436
54283,1462
54283,1908
54283,10157
54283,155198
15770,396
52631,9767
58938,2626
58938,155139
58938,161261
56974,10131
56974,187056
36760,534
36760,9807
36760,10476
54986,818
54986,232421
29078,6075
29078,1477
29078,9672
29078,13042
5624,2149
5624,7478
5624,10714
2687,160130
50835,9826
50835,12545
50835,14604
50835,14903
50835,41260
85104,154986
85104,230416
20544,6054
20544,1310
20544,5565
20544,5989
20544,9672
20544,11612
20544,14984
20544,155170
20544,157959
20544,162701
20544,195164
20544,208788
20544,214548
20544,244446
20544,244949
20544,302155
28345,394
28345,1930
28345,1307
28345,4412
28345,6389
28345,9673
28345,12545
28345,13014
28345,165458
28345,165468
28345,178982
28345,206051
28345,207317
28345,221762
28345,238043
28345,238343
28345,238344
28345,238346
28345,238365
77346,192406
57115,549
57115,10714
75733,818
75733,3966
75733,4344
75733,9725
75733,11687
75733,10466
75733,10982
75733,33552
75733,41406
75733,177129
75733,237867
75733,248988
99855,616
99855,3392
99855,10053
99855,40931
99855,196543
77826,11208
77826,33424
77826,269808
77826,301096
77826,325830
54301,187056
96243,2804
96243,6844
96243,10714
96243,12544
96243,15127
96243,180340
96243,210434
87300,1566
87300,818
87300,15199
87300,154802
87300,170362
51507,189435
51507,190025
51507,207149
82409,187056
48905,12999
48905,263548
77052,11162
87381,5265
87381,2106
87381,191424
75272,190370
13439,5657
13439,3419
13439,12425
13439,157906
13439,193760
13439,207876
13439,209619
13439,210434
13439,272521
13439,313033
87125,3133
87125,2340
87125,3098
87125,9826
87125,11249
87125,15032
25913,6513
25913,190098
25913,271856
5857,5600
5857,4426
5857,1930
5857,625
5857,4378
5857,3182
5857,3616
5857,3590
5857,7172
5857,6593
5857,3688
5857,10714
5857,13028
5857,15016
5857,157714
5857,207844
36465,392
36465,1956
36465,2569
36465,4101
36465,9672
36465,207883
36465,243503
49376,2006
10151,6054
10151,897
10151,898
10151,90
10151,213
10151,1222
10151,4562
10151,2150
10151,2251
10151,10594
10151,10776
10151,14632
10151,14964
10151,33625
64141,3344
64141,181532
20758,6038
20758,6167
64898,4344
4527,4368
4527,7163
4527,9826
81460,6054
81460,782
81460,1918
81460,9758
81460,9673
81460,10391
44151,6054
44151,717
44151,2868
44151,9673
44151,11001
44151,228166
31985,1618
31985,9715
31985,1852
31985,11058
31985,197602
27017,2504
27017,11159
27017,4344
27017,157768
27017,165643
27017,190427
27017,195593
27017,210184
27017,216986
26843,1008
26843,5272
26843,409
26843,836
26843,1956
26843,4109
26843,9672
26843,8077
26843,192772
26843,207876
26843,214548
26843,262858
26843,278700
26843,293245
26843,359724
26843,369326
70331,9917
70331,192790
70331,346773
69979,6054
69979,3434
69979,6579
69979,10791
69979,10873
69979,188237
8833,851
8833,2281
8833,1308
8833,1809
8833,10329
8833,11514
8833,161891
8833,174244
27608,197579
27608,235894
27608,239200
27608,249379
27608,271161
52913,131
52913,2706
53833,4344
75040,9833
75040,187056
75040,264386
80471,11722
46968,818
46968,10224
46968,9712
46968,165468
30525,2964
30525,2652
30525,12367
30525,14760
30525,188957
17591,1913
17591,1956
17591,9335
17591,195862
17591,233857
17591,268774
62400,18396
71097,9833
71097,190370
93456,970
93456,3289
93456,4130
93456,4289
93456,7397
93456,9663
93456,13072
93456,18035
93456,33479
93456,33928
93456,158750
93456,179431
93456,184783
93456,194404
93456,232939
93456,309974
93456,320420
93456,325765
93456,325779
83544,11531
37956,1157
37956,3149
46852,14577
46852,15284
46852,155325
46852,263548
8464,1415
8464,1603
8464,3183
8464,4862
8464,6968
8464,14895
8464,33841
39728,1436
39728,3523
49766,12425
49766,18257
27451,395
27451,3616
27451,6496
27451,10391
27451,14964
12434,3261
12434,5397
12434,8041
12434,10726
94830,263548
23903,15101
23903,15149
23903,18165
33989,155080
33989,170827
100,502
100,4523
100,567
100,1366
100,4262
100,7149
100,9897
100,9227
100,11488
100,10776
100,15394
100,15395
100,15396
100,18047
100,167542
100,207592
100,227944
100,227945
100,325811
54588,3800
54588,1956
54588,12617
54588,18034
54588,156580
54588,161234
81310,263548
81310,311143
84281,894
84281,15160
84281,203322
84281,286925
49529,7376
49529,1456
49529,839
49529,818
49529,10685
49529,3801
49529,9951
49529,10539
49529,10028
49529,163252
49529,179102
49529,190320
49529,195446
49529,207928
5992,131
5992,10226
5992,14714
40205,6270
40205,2343
40205,2710
40205,5732
40205,9825
40205,14793
40205,15224
40205,41368
40205,177804
40205,178329
40205,187084
40205,189964
20085,5744
20085,4112
20085,1013
20085,2381
20085,4108
20085,9927
20085,11157
20085,13027
20085,173662
20085,206515
20085,208323
20085,231653
20085,243959
20085,258533
20085,262325
20085,264411
20085,368074
63900,207317
63900,263548
63900,264598
69550,6259
69550,15266
69550,156052
69550,171206
24973,1160
24973,4178
24973,18034
24973,157894
24973,222993
24973,254678
24973,254679
47601,235485
64810,185199
80327,14673
80327,18035
80327,187056
39538,6898
39538,83
39538,2766
39538,4884
39538,6564
39538,9744
39538,14673
39538,14674
39538,14675
39538,14760
39538,17995
39538,172144
39538,188957
39538,188973
39538,208788
97399,898
97399,14529
97399,187056
94820,212
94820,5783
94820,165441
94820,187056
13016,417
13016,2652
13016,1242
13016,1956
13016,2305
13016,6126
13016,11208
13016,9309
13016,3681
13016,161304
13016,226838
15003,1646
15003,1794
15003,3434
15003,10726
15003,11061
15003,18432
15003,185262
15003,227918
15003,231149
81342,254
81342,9673
81342,10855
81342,14766
81342,182325
1717,736
1717,5744
1717,417
1717,818
1717,6078
1717,1936
1717,3088
1717,2887
1717,3134
1717,3692
1717,10614
1717,11869
1717,155697
12900,220
12900,2652
12900,1327
12900,1739
12900,1956
12900,2433
12900,1295
12900,9672
12900,157701
12900,207883
12900,239797
12900,325854
34943,9807
71510,2964
71510,490
71510,10437
71510,2035
71510,10125
71510,11494
71510,10706
71510,10983
68089,15124
68089,155291
36618,7360
46819,10226
46819,158718
46819,258533
46819,263548
287,931
287,128
287,6075
287,1485
287,965
287,493
287,1480
287,1482
287,1484
287,1486
287,1686
287,156100
76392,6149
76392,2708
76392,8015
76392,9826
76392,12371
76392,15271
76392,33556
76392,167316
76392,207046
76392,219404
13528,770
13528,2887
13528,8250
13528,9332
13528,9826
13528,12565
13528,15274
13528,174548
13528,191476
13528,212643
13528,214651
13528,225135
13528,231535
13528,236377
13528,267689
13528,311710
13528,330548
12576,6152
12576,6093
12576,13065
12576,188725
12576,190351
12576,210184
43183,155139
35789,1326
35789,1332
35789,167925
35789,179431
35789,227750
85231,3568
63859,616
63859,2041
63859,2343
63859,4344
63859,12554
63859,18298
63859,164532
63859,248760
63859,263312
4415,1563
4415,90
4415,818
4415,769
4415,1936
4415,4319
4415,6170
4415,207928
4415,229949
2517,233
2517,380
2517,3743
2517,697
2517,10235
2517,12369
2517,193460
2517,210162
2517,212737
2517,230570
2517,238263
2517,239797
2517,305168
2517,323809
2517,325761
2517,325842
2517,365778
20630,6075
49759,378
49759,5369
49759,9890
49759,18128
63585,187056
15720,13059
51197,158718
51197,163037
51197,169990
51197,251165
51197,258533
51197,263548
64259,779
64259,780
64259,1453
62688,6075
10812,8450
10812,9986
10812,10791
10812,208349
32430,745
32430,10093
32430,10873
32430,12999
32430,14765
32430,18396
32430,288816
32430,325820
67790,6513
67790,263548
2675,4932
2675,6150
2675,1715
2675,2618
2675,10235
2675,9951
2675,9872
2675,11004
2675,14909
2675,167642
2675,192962
2675,208397
2675,228753
2675,229652
2675,251667
2675,314730
2675,325817
2675,367831
4703,4034
4703,9840
4703,10703
4703,14514
4703,15060
4703,186849
4703,222820
4703,276235
57869,9715
57869,33637
57869,155030
57869,192611
57869,194404
57869,210024
57869,265979
57869,269769
57869,272493
57869,292887
93712,1991
93712,156142
93712,207317
93712,263548
31463,2805
31463,10122
46681,3193
46681,11034
46681,13098
46681,162756
91653,4344
5728,236
5728,233183
5728,298721
40355,190370
75621,444
75621,5905
14666,13032
14666,15138
14666,157799
14666,170827
14666,172471
14666,215193
506,549
506,570
506,276
506,739
506,447
506,3713
506,2039
506,1443
506,2284
506,1252
506,930
506,1936
506,643
506,2699
506,2251
506,2316
506,2547
506,2548
506,2672
506,2673
506,2675
506,2676
506,2749
506,2799
506,2800
506,2801
506,2843
506,13001
93240,190370
32195,833
32195,248
32195,8570
32195,18425
32195,41249
32195,165137
32195,178845
32195,264326
2411,596
2411,725
2411,90
8425,90
8425,970
8425,7679
8425,190324
8425,217324
8425,246136
12268,6149
12268,10318
13428,966
13428,9730
13428,6440
13428,8132
9548,578
9548,2570
9548,837
9548,5540
9548,9826
9548,155790
86962,818
86962,10292
86962,9714
86962,233843
86962,285961
67742,1353
67742,13006
67742,160517
67742,163053
67742,178649
67742,254053
67742,276164
67742,281741
67296,164664
67296,178107
67296,215568
67296,232700
28256,155790
2189,5398
2189,9823
2189,10260
2189,14725
2189,156928
17917,212
17917,818
17917,3430
17917,6783
17917,4344
17917,10181
17917,8250
17917,13014
17917,15162
17917,207928
76489,179431
21013,1612
21013,801
21013,4627
21013,4380
21013,9675
21013,11860
21013,14541
21013,158192
91342,7376
91342,1524
91342,966
91342,2343
91342,5938
91342,10542
91342,11322
91342,195269
91342,204905
91342,269484
91342,278823
74312,187056
59058,2032
59058,11935
59058,12987
59058,188326
26465,898
26465,4562
26465,5565
61197,360877
36325,3009
36325,3136
36325,5097
36325,6342
36325,15178
36325,15222
36325,18378
36325,33573
36325,156334
36325,156338
36325,178107
36325,247672
8460,2132
8460,1909
8460,3156
8460,10326
8460,6981
8460,9663
8460,10825
8460,156179
8460,156180
8460,156181
8460,156182
88112,155477
98134,378
98134,10685
98134,5424
98134,12425
98134,188512
87799,4344
42336,156863
16846,3762
16846,6553
16846,9826
31591,708
31591,1502
31591,1797
31591,5900
31591,10085
31591,192035
31591,207928
27566,3030
27566,2858
27566,4720
27566,10292
27566,10541
27566,13125
27566,14895
27566,18087
27566,162521
27566,189921
27566,196779
11327,378
11327,822
11327,3391
11327,10685
11327,6148
11327,1228
11327,5034
11327,5733
11327,9672
11327,9774
11327,10909
11327,13006
11327,14551
11327,14707
11327,15278
11327,33451
11327,195897
11327,206584
11327,226431
11327,245525
11327,251667
11327,266753
11327,314730
11327,325839
3122,1299
3122,3182
3122,3098
3122,3262
3122,10125
3122,10124
3122,10714
3122,14760
3122,171247
3122,226430
3122,235261
3122,240303
3122,258464
21766,10084
21766,596
21766,793
21766,3030
21766,970
21766,3434
21766,10683
21766,9856
21766,10216
21766,33720
21766,34079
21766,156580
21766,179359
21766,220510
33945,219430
91219,570
91219,10685
91219,1003
91219,1562
91219,11534
91219,11872
91219,14805
91219,15381
91219,33740
26423,158718
26423,238059
26423,258533
99387,1326
36721,1715
36721,2800
36721,2833
36721,2035
36721,3363
36721,4280
36721,8264
36721,3721
36721,11210
36721,10706
36721,10323
36721,11268
36721,4792
36721,157154
80985,11606
80985,190042
16653,6038
16653,9457
16653,11687
16653,10807
16653,269429
16653,269522
4489,3012
55754,6092
55754,11109
55754,11400
55754,158372
55754,162365
55754,163080
55754,173458
55754,196009
55754,198590
18032,818
18032,10541
18032,10809
18032,13014
18032,165913
18032,234213
18032,279877
18032,336394
18032,336395
14617,596
14617,13028
14617,231641
14617,354956
55871,1956
55871,3888
55871,7347
55871,10787
55871,18034
55871,236458
9799,542
9799,1568
9799,830
9799,8574
9799,9666
9799,12670
9799,178895
9799,179430
9799,179431
9799,239275
9799,286354
9799,311998
9799,324429
9799,325804
9799,325811
34533,331
34533,6157
34533,12193
19151,1862
19151,3230
19151,5167
19151,10194
19151,10195
19151,10196
19151,10211
19151,41334
19151,158718
19151,163178
19151,239239
19151,258533
32901,187056
64725,156081
64725,215849
5855,4344
5855,7116
5855,10229
90120,6614
90120,12190
90120,249629
67885,6075
67885,1523
67885,5561
67885,4926
67885,6562
67885,12969
67885,161570
67885,161581
67885,187056
39341,6669
39341,12564
28951,3363
28951,12377
50774,3205
50774,15101
32513,4932
32513,818
32513,13014
32513,214548
32513,244113
32513,305164
45136,1499
45136,3065
45136,235395
91921,282
91921,271
91921,155866
91921,155869
15470,187056
32823,212
32823,6029
32823,4048
32823,12670
32823,179430
32823,276775
75126,4344
53392,12999
53392,154802
96901,2673
21867,7537
21867,159845
21867,208244
21867,220649
93699,1890
93699,4663
93699,18239
93699,163053
83088,6211
83088,2035
83088,2036
83088,13141
83088,170801
83088,207826
83088,210024
34672,2526
34672,15162
34672,208152
34672,236343
19144,6075
42411,207268
34527,818
34527,6149
34527,1849
83796,6078
83796,164400
43862,2199
43862,931
43862,190894
52700,1019
52700,2673
80626,190370
11342,616
11342,2343
11342,1227
11342,4379
11342,4995
11342,10541
11342,157667
11342,177894
79468,470
97822,1459
97822,2587
97822,1918
97822,6096
97822,3455
97822,9799
97822,6118
97822,11061
97822,13097
97822,14783
97822,41379
97822,156257
97822,156578
97822,171848
97822,172466
97822,186919
97822,188028
97822,207389
97822,208638
97822,238559
97822,240303
97822,285384
97822,293665
97822,345073
97822,354590
97822,354591
97822,354592
1586,596
1586,931
1586,3030
1586,6149
1586,1533
1586,567
1586,2872
1586,787
1586,703
1586,2340
1586,2669
1586,3344
1586,5585
1586,9826
1586,11363
1586,13028
1586,15160
1586,262826
1586,325783
1586,325802
38714,818
38714,4480
38714,1599
38714,11061
38714,163047
38714,163221
38714,164224
38714,167198
38714,216781
38714,258113
38714,362063
57592,18257
32546,160963
32546,172971
12406,233
12406,4342
12406,4923
12406,13028
11224,7376
11224,818
11224,697
11224,2161
11224,2283
11224,2710
11224,6513
11224,3071
11224,3289
11224,4344
11224,5152
11224,9673
11224,13014
11224,18035
11224,166726
11224,173003
11224,196691
11224,208705
11224,272784
11224,324713
9629,378
9629,2987
9629,10322
9629,192945
25050,2200
25050,10235
25050,9928
25050,18187
25050,182657
25050,212795
25050,226774
25050,240119
25050,240237
25050,241737
25050,304608
67660,818
67660,5893
67660,5999
67660,9673
67660,13043
67660,14534
67660,14647
67660,155939
67660,179431
67660,182293
67660,182295
67660,198673
67660,283006
67660,289277
67660,313436
56153,1326
56153,629
56153,3182
56153,8901
56153,10391
56153,187056
56153,189435
42774,2337
42774,1930
42774,10714
1862,1605
1862,220
1862,10685
1862,4372
1862,3452
80816,9951
80816,9738
80816,12553
80816,197194
80816,206212
80816,223550
13635,585
13635,254
13635,818
13635,1930
13635,3149
13635,9672
13635,6719
13635,9777
13635,9826
13635,10950
13635,15363
13635,162380
13635,208992
13635,213473
72483,1009
72483,6017
72483,208591
72483,208873
10691,725
10691,931
10691,2038
10691,970
10691,3691
10691,5091
10691,9986
10691,10791
10691,14534
10691,156455
32047,242
32047,417
32047,6149
32047,1228
32047,2980
32047,11734
32047,33518
32047,155799
47463,325794
51593,207317
38428,7926
38428,5565
38428,10614
58665,6895
78550,5901
51582,2679
51582,7464
51582,158086
50580,33922
6416,6054
6416,1157
6416,65
6416,7307
6416,4516
6416,7637
6416,9823
6416,160246
71725,128
71725,291
71725,5721
71725,9673
71725,15111
71725,181118
71725,189414
71725,189415
71725,189416
71725,195337
13043,1605
13043,11933
13043,13088
13043,160246
4541,220
4541,818
4541,703
4541,5339
4541,9714
4541,9727
4541,15101
4541,18044
4541,208349
19463,3098
19463,6344
4286,236
4286,1755
4286,1664
4286,155697
4286,183886
4286,205850
34536,11717
27172,378
27172,9777
27172,15009
27172,33808
6473,1589
6473,779
6473,720
6473,3289
6473,3562
6473,10141
6473,10950
6473,13015
6473,13065
6473,14946
6473,15218
6473,15248
6473,18543
6473,158778
6473,162014
6473,219404
39919,458
39919,6158
39919,155477
74596,212
74596,8207
74596,159608
74596,220063
47206,180413
47206,209050
47206,214548
47206,242689
21832,9887
21832,10046
21832,10891
21832,11272
21832,12197
21832,194008
21832,210024
21832,212737
21832,239797
21832,269769
76482,1563
76482,259
76482,2428
76482,3692
76482,10093
76482,14895
76482,33841
50004,5509
50004,5882
50004,14522
50004,206032
50004,207751
50004,211362
50004,231020
50004,252639
29917,1419
29917,483
29917,2834
29917,5369
29917,3301
29917,4666
29917,2866
29917,5981
29917,8126
29917,11268
29917,14673
29917,15271
29917,41180
29917,41644
29917,44494
29917,50009
29917,163545
29917,164478
29917,185959
29917,188950
29917,188973
29917,201243
29917,279744
29917,302245
29917,326485
81746,536
81746,164039
81746,258533
206,439
206,90
206,436
206,440
206,10787
206,161207
53289,187056
28522,9675
28522,12377
28522,188957
21596,10352
21596,10353
21596,163053
21596,272745
83235,3537
83235,185863
83235,197919
73119,3799
73119,167861
16305,960
16305,886
16305,3864
16305,10325
16305,5571
16305,9890
16305,10717
16305,11469
16305,12999
16305,15291
16305,155457
16305,155809
16305,167043
16305,186189
16305,203826
16305,235736
16305,256087
25290,966
25290,818
25290,738
25290,1422
25290,1670
25290,1667
25290,2887
25290,3182
25290,6779
25290,8080
25290,10688
25290,10809
25290,11869
25290,13088
25290,14669
25290,14714
25290,33494
25290,33781
25290,202666
25290,208289
25290,211677
25290,228533
25290,237460
25290,240315
25290,244229
25290,263308
25290,266503
25290,274652
25290,315362
25290,323419
25290,326200
25290,329390
25290,336330
50687,242
50687,6149
50687,9663
50687,10714
50687,12339
85166,10058
85166,12339
33793,6029
33793,578
33793,953
33793,2570
33793,4344
33793,4434
33793,8900
33793,18001
33793,18002
33793,211514
41132,6083
41132,5565
41132,187056
10184,6054
10184,818
10184,2587
10184,5625
10184,14534
10184,34094
10184,179431
10184,196958
10184,234660
10184,249237
10184,314349
82442,1817
82442,2426
82442,155535
20762,3070
20762,10726
20762,251961
64623,5484
64623,162846
64623,177201
20903,6029
45485,6054
45485,1228
45485,5565
45485,6964
45485,10163
45485,33490
45485,34118
45485,263548
3524,2652
57958,1842
57958,5483
57958,6847
57958,184483
25512,740
25512,164698
25512,313483
43008,13005
43008,15009
43008,33407
27371,10125
27371,10150
27371,11161
52741,240
52741,6075
52741,5605
52741,13088
52741,33861
52741,214778
6202,6304
6202,6780
72040,155139
29697,10637
29697,253695
50270,549
50270,818
50270,1430
50270,588
50270,131
50270,1411
50270,1667
50270,6038
50270,13008
50270,13059
50270,14632
50270,155477
50270,190370
49399,13068
49399,160364
49399,165193
49399,281947
49399,282428
49399,284794
57806,1975
57806,9840
56108,263548
61299,6269
61299,8696
61299,11531
61299,238355
98404,3799
98404,180178
98404,195691
98404,221700
82245,10235
82245,9826
29549,190370
74621,10046
74621,211713
74621,257883
74621,292730
22164,779
22164,1721
22164,12380
22164,187910
22164,187928
22164,281585
22164,325769
22164,325770
22164,325786
22164,325806
22164,325810
22164,325840
25012,1196
25012,9767
25012,41338
30924,10292
30924,11034
30924,12339
30924,208578
41355,1956
41355,3366
41355,10237
41355,186535
41355,193552
41355,255207
41355,279911
41355,291175
50865,1936
50865,9253
50865,11695
50865,12999
50865,163533
50865,191260
50865,207592
50865,263548
87219,312893
87219,312894
9050,10685
9050,526
9050,3065
9050,8862
9050,8860
9050,13153
9050,15001
44977,291
44977,2492
44977,9663
44977,10051
44977,191845
44977,195295
25004,1787
25004,2801
25004,14720
80793,2964
80793,188959
80793,192248
18704,231849
26525,1556
26525,9887
26525,9609
26525,10714
26525,18147
26525,158927
26525,161982
26525,166484
26525,172859
26525,184559
26525,195718
26525,195719
26525,240242
26525,266226
94356,6270
94356,6054
94356,10266
94356,12670
94356,13043
63372,5600
63372,1530
63372,1384
63372,1721
63372,1938
63372,5153
63372,6741
63372,12371
63372,15254
63372,185927
63372,189092
63372,238247
63372,254406
63372,255299
54502,5375
54502,5565
32643,15016
32643,161184
32643,179257
32643,191279
32643,286354
61837,187056
9751,3658
9751,246
9751,1691
9751,212
9751,1566
9751,582
9751,4118
9751,4613
9751,2470
9751,10551
9751,176806
9751,187056
9751,207010
16992,378
16992,6075
16992,6078
16992,2792
16992,7005
16992,9673
16992,14552
16992,156121
16992,157198
16992,209476
6793,3098
6793,158279
6793,170771
6793,223198
60670,379
60670,818
60670,745
60670,4720
60670,703
60670,5331
60670,1262
60670,5340
60670,11494
60670,9826
60670,10714
60670,13092
60670,15001
60670,33699
60670,166512
78023,210246
35115,156017
69355,458
69355,160175
26893,818
26893,100
26893,128
26893,11318
26893,158390
26893,186753
26893,190446
26893,212737
26893,220373
26893,235085
26893,237426
26893,312229
20445,9713
20445,9826
20445,11151
20445,11152
13058,5768
13058,11494
65996,18034
65996,156018
23077,3485
2644,3713
2644,1437
2644,703
2644,6490
2644,10051
2644,14735
2644,40903
2644,155531
2644,158278
92682,187056
72587,736
72587,818
72587,207431
85852,578
85852,1562
85852,3458
85852,7188
85852,170217
13397,380
13397,818
13397,603
13397,65
13397,1991
13397,10121
13397,207317
73191,10551
48616,12377
44497,3664
44497,2699
44497,5159
44497,12396
44497,13059
44497,18321
44497,155477
44497,158713
44497,215492
44497,238355
44497,245445
44497,258533
50839,592
50839,4608
50839,5636
50839,9672
50839,11011
50839,14737
50839,33471
50839,165193
50839,177493
50839,187243
50839,221004
50839,226257
1994,3185
1994,5572
1994,9743
1994,12999
1994,33688
1994,156630
1994,156764
1994,156866
1994,161240
1994,170310
1994,181905
1994,183225
1994,183239
1994,183240
1994,199812
1994,207678
1994,224121
1994,239730
24859,156205
59418,592
59418,213
59418,6078
59418,1773
59418,6038
59418,4569
59418,5969
59418,6349
59418,10180
59418,10391
59418,10955
59418,11935
59418,13027
59418,14514
59418,18093
59418,165299
59418,173511
59418,233134
59418,238059
59418,238355
59418,240305
59418,245045
59418,245526
59418,258533
59418,265777
59418,266430
59418,266519
59418,272616
71235,3799
71235,10617
71235,180100
71235,208649
71235,315310
71235,324429
90677,6165
90677,15060
96769,5864
96769,9704
96769,187056
96769,187670
86274,6270
86274,1228
86274,4344
86274,233615
80299,187056
84029,1416
84029,5565
20556,6029
20556,5321
20556,18001
45465,378
45465,1321
45465,549
45465,931
45465,10685
45465,9826
45465,10085
45465,15234
45465,207268
16866,1612
16866,3243
16866,4862
16866,9951
16866,10158
16866,13194
16866,179431
30964,11168
30964,155790
70393,207317
25763,2964
25763,818
25763,4458
25763,7325
25763,14735
25763,15354
25763,159245
25763,194713
9792,4580
9792,570
9792,502
9792,1420
9792,1508
9792,10292
9792,9714
9792,10714
9792,12339
9792,14707
9792,14895
9792,15127
9792,18034
9792,33694
9792,41410
9792,166701
9792,208173
9792,220011
9792,238534
67094,14600
67094,163133
67094,213107
67094,221806
67094,338464
67094,339226
67094,341543
35636,190083
35636,269769
74953,1691
74953,2343
74953,2098
74953,2105
74953,3307
74953,9887
74953,4661
74953,5457
74953,6550
74953,10180
74953,15001
74953,15216
74953,156174
74953,157894
74953,158718
74953,161270
74953,166514
74953,190370
74953,241580
74953,267923
74953,293945
15356,570
15356,3032
15356,4424
15356,4399
15356,9701
15356,5923
15356,6894
15356,6997
15356,13006
15356,13125
15356,14624
15356,33740
15356,156075
15356,207691
15356,208611
15356,311315
15356,325825
43197,18109
43197,155466
43197,156507
43197,158782
43197,188270
43197,220429
16275,9716
13956,179431
21765,9882
21765,15162
21765,325807
21765,325820
73705,154802
73705,263548
84135,15001
84135,15040
84135,15043
84135,163053
84135,245446
84135,248841
52462,158713
45974,3335
45974,4379
45974,11408
45974,41407
45974,156263
45974,157894
45974,175091
45974,175910
45974,180193
45974,182794
45974,209789
45974,243992
45974,328590
45974,333977
20105,154802
20105,215678
15645,1299
15645,9715
15645,2345
15645,9951
19548,90
19548,996
19548,1930
19548,1946
19548,5167
19548,8570
19548,13015
19548,13063
19548,18293
19548,34112
19548,164104
19548,207534
19548,208992
19548,220321
19548,256162
19548,266669
19548,274094
99704,206441
99374,1326
99374,2676
99374,154906
99374,155457
99374,170827
91865,417
91865,1411
91865,5424
91865,9777
91865,12365
91865,15136
91865,33998
91865,156887
91865,190370
91865,192600
18299,612
18299,90
18299,818
18299,9799
18299,9639
18299,9673
18299,155790
18299,255404
89597,6029
21200,10325
21200,156851
21200,166113
54269,309414
40689,18001
40689,193422
40689,211708
40689,341602
58777,187056
58777,207317
133,840
133,6085
133,2946
133,2419
133,6007
133,33640
133,200276
41080,818
41080,9714
41080,215656
81774,2389
81774,818
81774,10683
81774,9888
81774,13097
81774,18068
81774,33451
81774,33841
81774,155477
81774,158199
81774,183686
81774,210184
81774,232938
81774,285398
81774,302868
81774,343479
81774,350360
81774,350707
81774,350708
10887,74
10887,2819
10887,437
77352,6199
77352,12369
77352,167198
74723,9253
74723,9727
74723,9728
74723,15162
74723,163841
61759,5565
61759,6165
61759,13042
61759,159290
61759,232100
61759,239811
61759,244382
47634,233
47634,258
47634,3428
47634,4655
47634,10663
47634,13008
47634,13015
47634,158774
47634,251756
47634,292635
47634,301828
47634,329372
91733,3030
91733,3358
91733,10482
91733,11034
91733,15175
91733,15346
91733,156578
8665,339
8665,2106
8665,2111
8665,9672
8665,6790
8665,155652
8665,187056
8665,208992
8665,227612
11068,725
11068,2038
11068,460
11068,1332
11068,1253
11068,1594
11068,1595
11068,2350
11068,4513
11068,5696
11068,164246
11068,288816
11068,325784
62214,367
62214,10121
62214,15162
62214,157164
62214,158395
62214,351332
17990,548
17990,12965
17990,155251
17990,172789
17990,176857
17990,207928
29478,2968
29478,3451
29478,6984
29478,10181
29478,12425
29478,33556
29478,41385
29478,162701
29478,180523
29478,186782
29478,200918
29478,239797
29478,266753
29478,311315
29478,325789
29478,325800
29478,325808
29478,325823
45379,779
45379,663
45379,11931
45379,12090
94241,2652
94241,409
94241,1956
94241,5944
94241,6357
94241,9895
38591,881
38591,10594
11201,6054
11201,271
96126,2673
96126,13073
70148,966
70148,10683
43770,9713
43770,18009
16318,311315
39455,351
39455,660
39455,2679
33734,582
33734,2334
33734,10229
33734,173297
28304,1508
28304,4677
28304,5782
28304,5921
28304,15225
28304,33407
28304,157296
11490,2231
11490,1009
11490,970
11490,5808
11490,232817
44118,157303
44118,189995
44205,2652
44205,409
44205,1956
44205,10787
44205,209893
24356,736
24356,6029
24356,2570
24356,4344
34999,5175
34999,11269
33947,6054
33947,6092
33947,509
33947,183570
33947,253373
676,6092
676,3800
676,428
676,1627
676,1668
676,1956
676,3203
676,3365
676,3366
676,7919
676,9525
676,9673
676,155565
676,325835
27089,6075
27089,209476
45623,13042
10853,3338
10853,8506
10853,33465
14369,3800
14369,6075
14369,567
14369,554
14369,1262
14369,3282
14369,3522
14369,5905
14369,890
14369,9864
14369,11485
14369,9880
14369,11830
14369,162328
88863,1384
88863,9826
88863,10085
88863,168663
57109,779
57109,780
57109,199371
46594,4932
46594,154802
46594,173644
46594,237543
46594,267422
63092,18035
63092,229626
67945,383
67945,1353
67945,8447
67945,11800
67945,322268
10140,818
10140,2343
10140,186
10140,1501
10140,2043
10140,11477
10140,12554
10140,13084
10140,41538
10140,163540
10140,170362
10140,182772
10140,188280
10140,207372
10140,211227
10140,237451
10140,238160
10140,240119
10140,240485
10140,246466
10140,251667
10140,269233
10140,282217
10140,325762
12775,570
12775,1930
12775,3070
12775,3071
12775,3098
12775,9725
12775,10085
12775,10093
12775,13065
12775,13072
12775,14643
12775,161257
12775,177998
12775,179870
12775,181914
12775,207427
12775,209792
12775,234213
12775,325790
12775,325847
11216,970
11216,629
11216,886
11216,5091
11216,10683
11216,9856
11216,156597
11216,164246
11216,173719
11216,179428
11216,246529
11216,274951
2896,267923
65981,187056
39350,8624
39350,159280
39350,201008
39350,210514
39350,272233
39350,307583
39350,316125
39350,316824
39350,316825
39350,316826
39350,316827
39350,316828
67988,779
67988,1994
67988,708
67988,2804
67988,10391
67988,12564
59833,2671
59833,4690
59833,12670
59833,14964
59833,41276
59833,164877
59833,176104
59833,187523
59833,193309
59833,197850
59833,206298
59833,208611
59833,220002
59833,221841
59833,223970
59833,268067
59833,278876
59833,326088
59833,330072
59833,330078
37220,4344
4256,3335
4256,9755
4256,9663
4256,11931
4256,11616
4256,12416
4256,14909
4256,167642
4256,206075
4256,211197
4256,249969
4256,259426
4256,325765
97630,612
97630,4580
97630,3037
97630,591
97630,441
97630,1563
97630,1874
97630,5939
97630,7021
97630,11314
97630,10958
97630,11219
97630,11322
97630,12371
97630,13015
97630,14748
97630,15022
97630,15149
97630,15162
97630,15218
97630,34156
97630,162365
97630,177163
97630,181129
97630,181155
97630,187056
97630,188507
97630,188512
97630,190893
97630,209817
97630,212757
97630,214463
97630,214465
97630,214466
97630,321464
97630,325778
97630,325816
52319,187056
67552,818
67552,178649
67552,180340
26852,1956
26852,189422
26852,221285
26852,253789
52306,187056
23452,4565
23452,10046
23452,10891
23452,33637
23452,194008
23452,210024
23452,211713
23452,222243
10444,6149
10444,3363
10444,9714
10444,10726
10444,15009
10444,156851
73523,447
7548,3737
7548,212
7548,5933
7548,15149
7548,33457
7548,161156
7548,180256
7548,207941
67035,5565
67035,11700
67035,196067
73953,1463
73953,2355
73953,9608
73953,161304
62132,10738
62132,10292
62132,4452
62132,9714
62132,11181
62132,14895
62132,157741
62132,158026
62132,163338
62132,167095
62132,187056
79929,195729
9437,818
9437,10685
9437,1930
9437,703
9437,1812
9437,5340
9437,5922
9437,11268
9437,10714
9437,12565
9437,12670
9437,13005
9437,18111
9437,156091
9437,165913
9437,167313
9437,254921
9437,304998
9437,328708
10751,11061
10751,15363
10751,160488
85430,9833
85430,187056
85430,264386
28816,520
28816,2957
28816,4243
28816,5387
28816,2187
28816,12192
28816,159445
28816,161919
28816,181635
28816,186355
28816,193655
28816,208644
28816,208992
28816,209220
28816,214780
28816,225410
28816,240468
28816,250916
28816,260001
28816,281237
28816,286881
28816,294205
28816,321490
28816,322980
28816,322981
28816,335888
28816,336116
28816,336193
82188,12197
64870,470
64870,9951
64870,156836
64870,278645
91702,2041
91702,3352
91702,13088
91702,178649
11837,818
11837,10292
11837,11060
11837,11477
11837,10430
11837,15101
11837,15199
11837,158324
11837,158328
11837,161919
11837,189092
11837,227686
11837,285693
11837,333935
31478,5540
31478,5699
33813,818
33813,582
33813,703
33813,9807
33813,9826
33813,17981
48350,236
48350,2804
48350,12377
65653,727
65653,164731
44945,2337
44945,6270
44945,516
44945,570
44945,739
44945,1523
44945,2251
44945,11161
44945,10809
44945,10873
44945,11615
44945,12392
44945,15227
44945,18046
44945,179431
44945,182195
44945,184712
44945,219849
44945,220506
44945,222793
44945,264551
44945,344229
24795,290
24795,1480
24795,9714
45718,34059
45718,155805
64033,187056
11306,242
11306,3262
11306,10326
11306,11612
11306,13005
11306,158025
11306,177127
11306,207390
11306,208788
11589,1321
11589,2898
11589,1956
11589,3072
11589,11117
11589,4595
11589,10786
11589,9450
11589,9683
11589,288816
11589,325778
11589,361867
44660,4373
44660,5636
44660,14737
44660,165193
44660,177493
54493,236
54493,233
54493,6733
54493,9748
54493,7002
54493,9955
54493,220261
40437,6029
40437,578
40437,5540
40437,18002
40437,191565
40437,209937
40437,211508
6984,886
53817,10855
53817,187056
53817,249530
91556,128
38461,1809
38461,161982
38461,282230
41268,591
41268,3070
41268,3366
41268,9665
31547,288976
40978,1809
40978,3363
40978,33998
40978,155288
40978,155477
40978,190370
40978,224066
40978,324127
40978,354947
73448,6054
73448,509
73448,5565
73448,9672
86235,3345
86235,210735
43672,779
43672,780
43672,417
43672,478
52520,5600
52520,1706
52520,3133
52520,9410
52520,9668
52520,10410
52520,12564
52520,14946
52520,33505
52520,177895
52520,180084
52520,232469
52520,269233
5973,6148
5973,9826
41243,11628
41243,14760
39638,325770
2216,514
2216,3772
2216,2283
2216,5509
71670,4426
71670,9663
71670,13006
71670,14570
71670,193698
71670,325764
12534,1721
12534,9253
12534,10950
12534,14735
12534,156212
12534,160488
28831,10125
68648,6140
68648,9935
58785,207317
37218,1329
37218,334
37218,1956
37218,3779
37218,4613
37218,213913
76144,409
76144,4107
76144,7478
76144,163095
72562,9717
72562,167884
92,1382
92,549
92,100
92,1803
92,5642
92,6593
92,10399
92,12987
92,33532
92,159987
92,207506
92,215015
7987,240
7987,2922
7987,1415
7987,7879
7987,3059
7987,7920
7987,6300
7987,8181
7987,10508
7987,193547
15310,941
15310,3901
15310,4344
15310,9714
15310,184816
15310,240119
15310,338393
15310,368784
26977,613
27720,6259
27720,6152
27720,9826
27720,10714
27720,15106
27720,160174
27720,281237
63052,6496
63052,207150
1838,2921
1838,894
1838,578
1838,6145
1838,532
1838,509
1838,1412
1838,2060
1838,970
1838,2176
1838,3930
1838,1517
1838,5331
1838,2755
1838,4269
1838,4677
1838,5833
1838,5834
1838,5835
1838,5683
1838,193547
1838,208349
1838,258533
84591,6513
84591,269710
84591,273439
84591,338226
62977,818
62977,4267
62977,14643
62977,252610
95977,11107
95977,184975
95977,190479
15418,13073
15418,162846
15418,173125
57639,263548
90800,4344
17452,1261
17452,2043
50269,924
2325,736
2325,1956
2325,3057
2325,3563
2325,3910
2325,4063
2325,4514
85799,9649
85799,156388
85799,187786
67602,263548
20333,6259
20333,2492
20333,194024
65163,5340
65163,9720
65163,12339
65163,14895
65163,163053
65163,238194
65163,245446
65163,278235
65163,281741
65163,315058
65163,316362
65163,328072
83721,207876
83721,236458
46849,3664
46849,2041
46849,630
46849,5159
36228,6024
36228,9673
65820,2699
65820,158713
53769,1453
53769,4224
53769,5570
53769,9807
53769,10941
53769,160269
12099,1862
12099,379
12099,6259
12099,9523
12099,222423
12099,245045
12099,258533
