movie_id,company_id
42052,7029
16059,76
78510,16430
46525,82946
46525,6
56067,3166
38225,10210
48034,2612
48034,1115
48034,6896
43861,21
36701,18970
79836,46111
79836,155990
79836,47024
50066,21
61862,128664
62029,4986
61779,2999
10416,5
10416,1606
74759,659
57837,3268
54662,7305
54662,7306
54662,6705
54662,726
54662,703
80076,344
42369,82030
42369,111000
75364,7850
75364,6003
75364,11687
75364,1245
83728,18440
83728,8924
83728,10146
67591,3166
36906,55973
43636,97441
43636,12669
7290,2215
7290,2216
42728,516
5523,3958
5523,3431
42789,5
7551,9195
7551,130
7551,1645
36875,20521
36875,27959
36875,77535
36875,77536
36875,8210
9603,4
9603,12245
9603,258
6480,2103
6480,284069
63707,35877
63707,1472
63707,9027
63707,4898
15980,3749
13828,5822
13828,2788
13828,189817
13828,6953
13828,10765
13828,12540
13828,22715
4497,1659
4497,37802
4497,44698
59571,9961
59571,73974
59571,71497
21946,866
84915,42648
27374,5583
27374,7584
27374,2818
6524,5612
6524,15526
6524,21
24478,33
13927,3
4809,25
28367,11275
28367,1704
28367,21
35200,60
35200,5538
58055,823
58055,859
58055,1758
58055,1991
58055,1251
509,10163
509,283
509,232374
509,1382
31232,15676
31232,4051
31232,516
21348,6973
21348,8175
21348,591
21348,792
9401,19529
9401,11661
23654,1728
23654,3899
3305,33470
20915,3866
12613,5397
12613,7220
12613,4649
13276,22217
13276,12182
4982,8083
4982,23
4982,33
4982,7295
4982,221347
36628,24247
54197,160725
75930,1780
40406,31218
40406,31217
39092,5
39092,3166
10877,79
10877,172
10877,174
10877,1885
23245,21
60066,168
60066,6184
60066,42724
92141,8956
42149,41
40096,11446
40096,13969
40096,46430
94515,955
85533,2877
85533,51303
85533,37058
69652,16427
27602,4691
53983,21147
53983,25075
53983,1833
90985,50983
90985,4708
67733,25894
1552,33
1552,23
75804,47986
75804,16101
41647,201
41647,12914
41647,12915
41647,12916
41647,4606
41647,5778
73075,5051
85651,1819
85651,9266
61880,4
29785,43274
29785,23012
29785,23013
56085,2016
56085,114591
43033,5779
43033,8946
43033,8947
43033,9266
42234,8496
42234,8497
42234,8498
52855,12
52855,21154
52855,21155
42990,269879
44415,14538
44415,102241
10364,4
10364,1138
64288,17383
41806,750
41806,22533
53599,5
84619,6612
73580,260325
46523,1538
46523,8962
46523,6462
46523,217296
46523,237679
12661,21
12661,10513
12661,16192
16875,816
16875,12
16875,6363
69004,181840
69542,23372
69542,602
78328,1534
78328,155990
78328,20679
78328,70436
22734,25
57264,102817
57264,7819
57264,7036
57264,129505
44399,25
76926,157
28608,4849
28608,4850
14871,2983
25177,3755
4948,1398
4948,22358
4948,1822
4948,30277
40343,13735
40343,4952
40343,36554
40343,36555
40343,9266
56084,68883
63797,21978
83051,7840
93208,33537
12633,4988
12633,25
18647,10568
29998,5010
29998,4927
9527,47
74478,2898
14624,3914
14624,3915
14624,11145
14624,139792
64928,3245
64928,174
66924,927
5171,1860
5171,63893
5171,83
5171,6586
870,3034
870,528
870,567
870,569
71555,86531
71555,201944
71555,201945
58395,79233
58395,165394
14029,4746
33221,550
33221,6705
29233,8811
29233,2230
29233,54210
29233,21
3563,33
3563,878
35913,4928
28506,10399
52407,880
46768,25060
99521,220680
19663,3653
19663,3930
78069,17820
32115,10265
54249,4148
98255,33
51615,66141
51615,64402
22426,1020
22426,925
63907,10970
63907,152078
63907,16937
63907,143164
63907,986
70569,14914
62819,4227
34421,4
8400,2407
16328,40413
61796,52537
61796,12663
41727,87313
41727,292132
41727,147039
41727,11628
41727,49
41727,292133
41727,5096
7980,11
7980,7
7980,6705
82491,64863
16890,54814
16890,3231
16890,18666
16890,23058
16890,54818
2234,602
18009,4063
50538,13313
541,799
13124,5822
54283,3038
54283,151114
54283,880
15770,5686
58938,6985
56974,10102
56974,155990
53772,29729
36760,25
54986,7036
54986,11556
54986,94913
54986,16505
78772,15174
29078,2233
29078,2234
29078,2978
29078,23359
29078,307
5624,4785
5624,22786
5624,1787
2687,174
2687,508
2687,644
2687,67992
2687,183
50835,39606
50835,10399
55778,25894
52806,25894
85104,6112
34167,60919
66660,2130
66660,27934
66660,105061
20544,1693
20544,7429
28345,25
61798,43711
61798,50825
73932,9152
73932,2185
73932,15868
45877,4794
45877,35
45877,62282
45877,62283
45877,62284
42219,7840
77346,18445
57115,12960
57115,1242
75733,9
75733,223
75733,11244
75733,1583
75733,12431
75733,1251
54599,29587
99855,54286
5800,1981
48868,138272
48868,8601
96243,28688
96243,60
87300,88251
24189,1583
82409,6941
82409,59458
82409,37400
82409,346
48905,2159
77052,12617
77052,13851
87381,13383
87381,5
75272,7848
13439,2756
13439,2818
13439,153563
13439,2441
87125,14514
87125,34885
53642,18789
25913,33
25913,4285
5857,2894
5857,559
5857,491
50148,39985
36465,3324
36465,7429
36465,1645
91843,129712
81322,52346
66177,641
66177,52537
67750,3318
67750,12474
87593,1974
36874,164827
10151,28950
10151,42145
10151,104576
10151,483
10151,266184
64141,33
75390,344
20758,21
64898,659
4527,1465
4527,5940
4527,12135
81460,7036
44151,1082
44151,154744
33910,5376
33910,284577
45068,84048
45068,12150
45068,199398
45068,3034
45068,286640
45068,9221
45068,7111
45068,192522
45068,122616
45068,7542
82857,40972
82857,170208
82857,100852
63891,25100
27017,21
26843,22814
26843,29110
70331,192913
70331,259611
69979,56080
8833,2549
81824,15847
81824,41
81824,13963
27608,143420
27608,10131
52913,10519
57044,3633
53833,25
75040,6896
75040,8117
80471,9335
80471,10093
46968,67581
46968,80640
46968,5620
30525,40014
30525,23884
30067,129603
17591,4397
37907,248975
69479,158922
69479,59629
71097,859
71097,6149
93456,6704
93456,33
83544,6886
37956,10096
37956,60
46852,89238
8464,73525
8464,1203
8464,73524
39728,5788
45392,3964
70060,8269
70060,8270
70060,8272
70060,4521
61201,19117
49766,41109
27451,35
27451,21097
12434,1079
12434,4243
12434,1168
12434,3394
12434,4667
94830,85393
23903,33
23903,23
23903,5556
58678,1923
58678,2801
58678,1898
33989,394
100,21920
100,13419
100,20076
54588,5661
56166,8988
56166,16069
56166,1583
81310,3166
84281,921
84281,21775
84281,26197
84281,7372
49529,2
5992,619
5992,1054
71874,135910
40205,6679
40205,30085
40205,185616
20085,8797
20085,11073
63900,104
63900,8212
63900,11244
63900,4606
63900,132712
69550,84544
39946,17339
39946,14377
77902,8070
77902,8071
77902,8072
24973,25
68405,20181
68405,124989
80327,3017
80327,191286
39538,6735
39538,6736
39538,215
39538,508
39538,174
97399,169169
94820,32910
94820,6550
13016,39242
15003,3007
15003,4207
81342,694
81342,83
81342,62546
1717,7295
1717,11317
1717,1208
1717,5
1717,2116
12900,7429
12900,288
34943,5
61761,102070
61761,58411
56664,6045
91520,94
91520,17084
91520,9341
91520,16975
91520,46
91520,170585
91520,27196
67843,344
68089,34079
68089,34080
36618,41314
46819,17765
287,1312
287,41
76392,5744
76392,2514
13528,21
12576,45443
12576,486
12576,1704
12576,3539
12576,16850
12576,21446
74010,55331
48426,147
48426,836
48426,2210
43183,6115
35789,85891
35789,85890
35789,23946
85231,5
63859,66722
63859,33
95801,417
95801,6237
4415,1236
2517,1141
2517,1142
2517,528
2517,12424
2517,16918
20630,17183
32238,73736
32238,2931
32238,7036
49759,72559
63585,118541
63585,13788
15720,35459
15720,16647
15720,3857
15720,12026
15720,28761
15720,1093
51197,48155
51197,213447
51197,12043
64259,69658
62688,17962
10812,1251
10812,14169
10812,167655
10812,162
10812,2067
10812,32510
32430,6
32430,5214
67790,3166
2675,9195
2675,12236
2675,862
4703,1722
4703,14120
4703,4
88737,9266
88737,157110
57869,5542
93712,8520
84394,60804
84394,76710
84394,76711
84394,76712
63754,15548
46681,12186
46681,60
91653,14599
5728,1964
5728,162
14666,7617
68001,6790
506,10715
506,33
31193,5919
31193,5920
93240,5979
32195,670
8425,10522
12268,23534
12268,60
13428,31317
13428,2751
58056,8356
9548,1885
9548,25
86962,13282
86962,1799
86962,869
86962,5
68117,2488
68117,13427
23273,49589
23411,92629
23411,11570
67742,3097
67742,23921
94555,112456
94555,123445
94555,3491
67296,134797
67296,491
67296,74939
70567,14914
28256,174
2189,1009
2189,1010
17917,1807
17917,3632
76489,8890
76489,25
76489,1156
76489,91002
76489,444
21013,18230
21013,22195
21013,22196
21013,22197
21013,2999
21013,10175
21013,12477
21013,327
91342,6220
91342,102897
74312,13869
59058,983
50594,96085
61197,3052
78755,27230
36325,4211
36325,10735
36325,4748
8460,6384
8460,333
8460,506
69048,268021
88112,77499
88112,74999
88112,75000
98134,2166
98134,176162
87799,344
16846,15352
16846,4867
31591,14160
31591,4
78447,14263
27566,22658
27566,1444
11327,5
11327,15058
3122,5712
3122,1950
21766,5369
21766,4007
21766,310
33945,4294
91219,118781
26423,4509
99387,37760
80985,4867
16653,4003
16653,138734
4489,4606
55754,85763
71625,7564
18032,5309
18032,16016
18032,654
18032,1071
18032,2452
18032,417
18032,342
18032,199207
18032,174
14617,3431
55871,4213
9799,26281
9799,33
9799,333
9799,26282
34533,1311
19151,199870
64725,1787
64725,10523
64725,10680
5855,12782
81938,13930
46857,18405
46857,6153
90120,1369
90120,16822
26676,4554
67885,42136
67885,84412
67885,14914
39341,107025
39341,172699
39341,21957
39341,172700
50774,1931
61435,798
32513,5846
32513,288
32513,3324
32513,101023
45136,23624
45136,25
62574,42084
91921,72317
28183,4702
36727,356
25028,68915
25028,232960
32823,10105
32823,33
32823,7295
32823,158
75126,18936
53392,4148
59302,3324
96901,34800
96901,14590
96901,417
21867,15125
21867,4
83088,5542
71102,4708
17995,10958
34672,8934
34672,37892
34672,15709
34672,296074
42411,1533
42411,21649
42411,38591
42411,14016
42411,851
42411,6246
34527,9371
34527,29165
34527,157
34527,6181
34527,5403
83796,8408
83796,8409
43862,21
52700,1432
11342,1950
79468,7894
79468,21
97822,5
1586,23651
1586,5
1586,275988
38714,4
38714,1138
38714,11496
38714,17348
32546,30290
32546,6458
32546,7680
32546,981
12406,8997
12406,2673
12406,83
11224,3166
9629,168
9629,29165
9629,1704
9629,5
25050,9177
25050,12424
25050,528
25050,16918
25050,70143
67660,1309
56153,8930
55222,75054
69370,7799
69370,15645
42774,749
1862,57342
1862,16510
56747,117704
80816,99847
13635,4298
13635,1996
13635,1992
63635,16424
72483,4343
72483,1341
72483,39611
10691,9195
10691,12548
32047,41
32047,20555
66115,73335
66115,110406
47463,9329
47463,174
47463,134798
51593,4679
51593,11511
51593,6521
51593,1341
51593,54881
38428,221540
58665,57619
58665,61547
58665,61548
78550,10330
51582,96303
50580,25894
6416,4606
71725,5940
13043,7981
13043,6301
13043,104
13043,591
4541,65204
19463,21
4286,1638
4286,1639
4286,32208
4286,1131
47845,2169
47845,174
47845,23153
34536,5466
72366,104
72366,2703
72366,15092
72366,12407
72366,792
72366,2282
72366,1245
27172,174
40067,39114
53585,21769
6473,2100
6473,1370
39919,218142
74596,3462
44422,55763
47206,1763
21832,3041
21832,529
21832,13583
21832,1194
21832,3034
21832,113750
21832,5822
76482,1405
76482,17873
76482,1546
28219,5394
28219,37580
28219,4343
28219,58
28219,109369
50004,42819
50004,29566
50004,8531
29917,5005
29917,5004
84644,635
84644,356
84644,80255
84644,265870
81746,88041
70230,27155
53289,6679
53289,54632
28522,4824
21596,3984
21596,3883
21596,792
83235,186508
31355,1115
31355,14074
31355,2389
73119,83
73119,22618
73119,22684
80655,17787
16305,4
72138,4618
72138,17
72138,11354
80907,12372
25290,591
25290,6881
25290,7682
50687,86906
50687,888
50687,13534
85166,20479
71662,170204
71662,100852
83003,8253
33793,89394
41132,112093
10184,12
10184,19813
82442,6976
20762,285
64623,234468
64623,11109
86037,4960
86037,10392
37838,116596
37838,16906
37838,310
37838,36270
56007,925
73741,1216
45485,4748
45485,12007
45485,14914
3524,1449
57958,47237
57958,22482
41121,49976
43008,14248
43008,174
27371,5170
99734,9300
99734,5822
73646,53884
73646,53885
73646,11550
52741,559
52741,1087
72040,7077
29697,77793
70621,27434
20310,47
20310,94855
50270,5128
50270,49589
49399,3502
49399,104
49399,195545
49399,147
49399,591
49399,4407
49399,20366
49399,11246
49399,95496
49399,694
55094,1931
56108,30210
56108,86743
61299,6695
98404,5
82245,3448
29549,4967
74621,5542
74621,12268
22164,62556
22164,21899
83284,94333
83284,143164
83284,131279
30924,33660
30924,60
41355,9386
41355,6308
41355,4
50865,2159
87219,21
9050,3618
44977,1569
44977,206976
44977,15357
25004,8265
25004,5974
80793,93983
80793,21258
18704,3520
18704,2931
26525,21
26525,153682
26525,217096
65439,235
65439,5746
63372,80065
32643,670
32643,15943
61837,5776
61837,5777
61837,3431
9751,2576
16992,33
16992,2307
6793,2127
6793,6762
60670,9
60670,356
60670,22997
78023,84108
30467,13282
30467,23384
35115,3166
48644,109291
69355,4300
26893,882
13058,6359
13058,7981
13058,2452
13058,10583
13058,5654
13058,12018
69719,3431
65996,59215
65996,59216
23077,174
2644,76529
92682,670
72587,13773
72587,3997
8948,2541
8948,47
42334,2922
85852,120550
85852,9266
13397,688
73191,508
73191,7567
20949,21978
44497,1373
44497,56303
44497,3923
44497,78057
44497,81990
44497,270428
50839,14861
50839,14862
50839,46225
97140,1221
58955,280441
1994,6
24859,135200
59418,1026
59418,92027
59418,142942
59418,981
71235,119816
71235,15868
90677,8972
90677,4207
96769,3324
96769,21620
86274,22310
86274,24648
86274,44632
86274,128256
86274,22309
86274,11841
86274,184393
47498,179318
47498,179319
47498,179320
47498,3498
80299,62556
84029,55219
84029,16366
20556,3797
20556,100069
45465,7070
45465,38180
16866,5653
16866,20076
16866,29566
70393,4898
25763,25
9792,43
9792,1600
9792,445
9792,444
35636,25894
54824,297
15356,5574
15356,12221
37376,197727
37376,10864
37376,1502
43197,1432
16275,3268
13956,8676
13956,10159
13956,10160
13956,19037
13956,491
21765,6255
21765,21
73705,3245
52462,152299
55647,5822
45974,1353
20105,74308
20105,74309
15645,73766
15645,3094
19548,9
99704,146598
99374,21
23073,4173
91865,4856
30669,368
30669,37844
30669,2188
18299,146438
18299,4928
89597,41308
21200,694
21200,635
21200,591
21200,4722
21200,4723
40689,3324
40689,214
58777,1711
58777,310
58777,104
133,2401
41080,58472
81774,51304
81774,28391
81774,51305
81774,7110
81774,26899
10887,2620
77352,93134
77352,93135
77352,45
74723,215371
74723,1804
73282,104585
61759,201
61759,169855
47634,5822
61652,227387
91733,20561
47633,16198
8665,763
8665,11371
8665,20344
8665,23861
8665,23863
8665,114038
8665,3467
11068,12917
11068,174
62214,8601
66279,16434
17990,7110
17990,72363
17990,72362
17990,7541
17990,469
29478,5
45379,539
71444,5650
71444,13066
71444,13065
94241,10096
94241,60
89337,4544
11201,23807
11201,6904
83436,6612
66978,5798
96126,1432
73158,8440
70148,17415
43770,72343
43770,72344
14266,93671
14266,93712
14266,89700
16318,3966
16318,3967
16318,3491
39455,14197
39455,19692
33734,14154
33734,167489
33734,5
62044,10102
44038,294568
28304,3468
11490,1926
11490,2250
11490,792
11490,2695
11490,94
44118,50934
44118,50935
44118,50936
62234,17590
62234,17591
62234,1728
41063,28762
97272,4808
97272,52105
97272,2353
44205,16466
44205,5921
24356,14738
24356,288
24356,14739
24356,14737
33947,4294
676,9195
676,130
10853,81480
10853,10437
10853,101
14369,431
14369,158
14369,9195
14369,1171
79043,28699
79043,27124
88863,285
88863,11015
57109,25003
46594,25065
10140,711
10140,10221
10140,79503
12775,1183
12775,6139
11216,45693
11216,7110
11216,155418
11216,356
11216,185850
2896,880
39350,42894
39350,42889
67988,50983
67988,4708
59833,174
4256,10958
4256,7405
97630,13184
97630,20344
97630,211726
67552,11973
67552,1639
67552,12726
67552,84534
26852,25
52306,65943
23452,3041
23452,2883
23452,55914
23452,1194
23452,3034
23452,1778
10444,1787
73523,124
69495,1843
7548,2267
7548,2268
7548,2130
73953,112548
62132,44717
62132,4233
79929,487
9437,4
9437,11661
9437,903
13737,793
13737,7694
13737,6852
13737,7981
10751,2105
85430,39820
28816,4870
28816,6735
28816,1246
28816,52759
28816,911
51656,60
51656,10580
37796,50458
55608,42673
82188,6258
38116,5680
64870,3166
91702,96622
11837,5016
11837,47264
70555,10563
70555,44507
70555,1131
70555,2076
70555,1787
28704,203484
28704,4090
28704,39483
28704,7988
28704,2644
39232,10330
33813,6
25198,28864
25198,48611
40548,68392
48350,13947
65653,10726
44945,65129
44945,925
44945,1020
24795,175
24795,2
64033,18064
64033,102855
11306,97
11306,10153
11589,3057
11589,5940
11589,21
20029,15352
20029,4867
54493,3472
54493,822
40437,8136
6984,19016
30518,4667
30518,128847
30518,11725
45082,13631
53817,5111
91556,41
91556,36897
38461,25
41268,3903
31547,4639
40978,876
40978,6060
40978,1444
73448,5563
76037,11860
86235,98499
43672,5798
52520,3287
52520,126
52520,7738
52520,7740
39638,5788
71997,6228
2216,602
71670,17837
71670,11341
71670,1633
12534,45347
96683,23225
85374,6608
30639,16210
62978,75848
62978,8451
62978,20550
28831,48279
68648,149332
58785,6574
44854,75144
44854,82959
44854,201895
75515,7870
76144,47
76144,18624
76144,208490
72562,86094
92,37058
92,8490
28375,27434
7987,329
78390,238592
60103,20521
60103,193252
60103,3159
15310,538
15310,79077
26977,4614
27720,468
63052,4396
1838,76
84591,8298
69583,11852
62977,7101
95977,174
15418,52206
15418,93258
15418,7380
57639,5
57639,3166
90800,15653
17452,3324
17452,3325
50269,1242
72616,157119
72616,10845
2325,5283
2325,25125
2325,25126
2325,1039
2325,5630
85799,4262
67602,5
67602,3166
20333,7429
21571,2212
21571,226767
43215,1506
43215,12077
52376,16614
83721,28013
83721,5548
83721,30148
83721,8250
83721,122289
46849,38616
46849,38617
46849,38618
46849,5113
46849,1607
46849,38619
99889,81787
60228,90303
36228,81550
65820,7840
53769,10330
56172,12529
