account_id,username,display_name,avatar_path,include_adult
1,r96sk,r96sk,/mwR7rFHoDcobAx1i61I3skzMW3U.jpg,False
2,westcoast.wanderlust,westcoast.wanderlust,,False
3,Geronimo1967,CinemaSerf,/9HcQx0Yfbxy8eqr3ft66X9uWMf0.jpg,False
4,brekkil,Kenneth Axel Carlsson,,False
5,Wuchak,Wuchak,/4KVM1VkqmXLOuwj1jjaSdxbvBDk.jpg,False
7,JPV852,JPV852,/xNLOqXXVJf9m7WngUMLIMFsjKgh.jpg,False
8,RalphRahal,RalphRahal,,False
9,FilipeManuelNeto,Filipe Manuel Neto,/nidqITf735x9xxHfncXkT9BmOQ7.png,False
10,SoSmooth1982,Andre Gonzales,/ast1oGYDI7Li9daLuOV4UxGiXj.jpg,False
12,Alunauwie,Alunauwie,,False
14,prabhushakti,prabhushakti,,False
18,mooney240,The Movie Mob,/blEC280vq31MVaDcsWBXuGOsYnB.jpg,False
21,portnoyz,portnoyz,,False
23,tanty,Andres Gomez,,False
27,badelf,badelf,,False
28,narrator56,Peter McGinn,/tVbrLJzA2RwRlE7dJLJG54UsAkq.jpg,False
29,kevin2019,kevin2019,,False
33,GenerationofSwine,GenerationofSwine,/xYhvrFNntgAowjRsf6mRg9JgITr.jpg,False
35,John Chard,John Chard,/utEXl2EDiXBK6f41wCLsvprvMg4.jpg,False
39,talisencrw,talisencrw,,False
40,Ruuz,Gimly,/xUObnJSvHrFPsIpoDmb1jiQZLq7.jpg,False
42,TheTenth,TheTenth,,False
44,daniel_carr,daniel_carr,/oIZZAY0sYhlk5YHxag5QBTRjoKz.jpg,False
46,Kewl_Kat,Kewl Kat,/8bVLBVaYKiNVdvpLoYlIr3hU6qw.jpg,False
47,flabob257,flabob257,/eJPU10DEFiMLuQTjZ4PKHa1J45i.jpg,False
48,ANTIVICTORIA,ANTIVICTORIA,,False
57,TiborMovie,TiborMovie,,False
62,TheGiantClaw,TheGiantClaw,,False
63,FarSky,Matt Golden,,False
64,modomea,modomea,,False
67,BradFlix,BradFlix,,False
69,Prkns,David Perkins,,False
73,YetAnotherMovieWatcher,YetAnotherMovieWatcher,,False
74,Dark Jedi,Dark Jedi,,False
81,markuspm,markuspm,,False
83,Rocketeer Raccoon,Rocketeer Raccoon,/j7RQHzT5cvyFswhPC33IO9ilh18.jpg,False
84,Dr_Nostromo,Dr_Nostromo,/47wYLpm2sEi0QRgpuC8blcGUPzp.png,False
89,tmdb28039023,tmdb28039023,,False
95,HaremCinema,HaremCinema,,False
100,tmdb15435519,tmdb15435519,,False
102,tmdb93836550,tmdb93836550,,False
104,ezraaaa,ezra,,False
105,tender_buttkiss,tender_buttkiss,,False
108,Charles Dance,Charles Dance,,False
110,terrytowel1956,terrytowel1956,,False
111,dfle3,dfle3,,False
117,Bazzjazz,Bazzjazz,/gZBZb4zWYdaOv2gUlaUl82iFE4F.jpg,False
120,lesliekell,Leslie Kell,,False
133,Rangan,Reno,/6ZpVUJzqXMzH35VprEtnX0sNI3.jpg,False
134,Kamurai,Kamurai,/sKeC7qZLAKreuwxH4x6U3mN7Aa8.jpg,False
148,hweird1,Austin Singleton,,False
149,brightonguy,Jack,/stPmFeG8VNEkRMDe8sncCKmRSKz.png,False
150,nairtejas,Tejas Nair,,False
158,rajanvohra,rajanvohra,,False
160,whsam,whsam,,False
161,Brent_Marchant,Brent Marchant,,False
163,horroralt,horroralt,,False
167,tmdb15214618,tmdb15214618,,False
170,my_skeleton_fell_off,my_skeleton_fell_off,,False
176,giant13,giant13,/xPQZdLma8SFeG1X3sjXIo8pAHcV.jpg,False
183,ColinJ,ColinJ,/8jsXavbOi7gdBUk50lZFpIS27Hk.jpg,False
199,drystyx,drystyx,/hLLsAvAnVT0cFU7JuuaaItTWXv8.jpg,False
202,shiri4frnz,Shreyance Parakh,,False
203,tmdb86370050,tmdb86370050,,False
213,deepkino,deepkino,/ighrBrJuNfBThJQqXzVFqZawpUO.png,False
218,felixxx999,Steve,,False
220,forsakeme4all,forsakeme4all,,False
221,Oculus,Oculus,,False
233,MK40,MK40,,False
